ID,Fixture,1HC,1AC,2HC,2AC,1HC_Res,1AC_Res,2HC_Res,2AC_Res,InsertDate,1HCA,1ACA,2HCA,2ACA,PastForTotal,ResultTotal,PastAgainstTotal,windrawwin,HistoryOverTwo,HistoryOverThree,WinOverOne,WinOverTwo,WinOverOne_Predicted,WinOverTwo_Predicted
1,Legia Warszawa vs Radomiak Radom,2.75,2.67,4.75,2.56,3,3,1,2,2021-12-19,,,,,12.73,9,,,1,1,1,0,0,0
2,Tottenham Hotspur vs Liverpool,3.00,4.75,3.89,3.50,3,3,3,1,2021-12-19,,,,,15.14,10,,,1,1,1,0,0,0
3,KRC Genk vs Royal Antwerp FC,2.89,1.89,2.89,2.56,6,3,0,4,2021-12-19,,,,,10.23,13,,,0,0,0,0,0,0
4,Newcastle United vs Manchester City,1.88,4.63,2.75,4.38,1,3,2,3,2021-12-19,,,,,13.64,9,,,0,0,1,0,0,0
5,Athletic Club Bilbao vs Real Betis,3.88,2.50,4.38,1.63,4,3,1,3,2021-12-19,,,,,12.39,11,,,0,0,1,0,0,0
6,CSKA Sofia vs Ludogorets,3.33,3.57,3.44,2.00,3,0,3,2,2021-12-20,,,,,12.34,8,,,1,0,0,0,0,0
7,AS Eupen vs Sporting Charleroi,2.22,1.40,3.44,2.50,3,1,1,0,2021-12-19,,,,,9.56,5,,,0,0,0,0,0,0
8,Feyenoord vs Ajax,2.63,3.86,4.38,3.86,2,2,2,2,2021-12-19,,,,,14.73,8,,,1,1,1,1,0,0
9,Ashdod vs Hapoel Tel Aviv,2.43,1.71,4.43,2.14,1,0,2,1,2021-12-21,,,,,10.71,4,,,0,0,0,0,0,0
10,Chennaiyin vs Kerala Blasters,5.50,1.80,4.00,3.60,4,1,2,3,2021-12-22,,,,,14.90,10,,,0,0,1,0,0,0
11,KV Mechelen vs AS Eupen,3.20,1.90,3.30,2.60,5,2,6,0,2021-12-22,,,,,11.00,13,,,0,0,0,0,0,0
12,KAA Gent vs Standard Liège,4.10,2.30,3.60,1.70,5,0,7,2,2021-12-22,,,,,11.70,14,,,0,0,0,0,0,0
13,St Mirren vs Celtic,2.67,4.11,3.56,4.22,3,7,0,9,2021-12-22,,,,,14.56,19,,,1,1,0,0,0,0
14,St. Johnstone vs Ross County,2.56,1.56,2.78,1.89,3,3,1,3,2021-12-22,,,,,8.79,10,,,0,0,1,0,0,0
15,Heerenveen vs Feyenoord,1.89,3.13,2.33,4.50,2,4,1,5,2021-12-22,,,,,11.85,12,,,0,0,1,0,0,0
16,Athletic Club Bilbao vs Real Madrid,3.89,2.22,4.00,3.22,3,0,4,0,2021-12-22,,,,,13.33,7,,,1,0,0,0,0,0
17,Montrose vs Peterhead,2.44,2.89,4.11,3.89,3,3,3,3,2021-12-22,,,,,13.33,12,,,1,0,1,1,0,0
18,Yeni Malatyaspor vs Kayserispor,2.56,1.78,2.67,1.67,0,1,2,1,2021-12-23,,,,,8.68,4,,,0,0,0,0,0,0
19,Club Brugge vs OH Leuven,3.10,2.22,4.40,2.78,6,2,2,1,2021-12-23,,,,,12.50,11,,,1,0,1,0,0,0
20,Sparta Rotterdam vs RKC Waalwijk,2.11,2.50,2.11,1.38,3,0,4,0,2021-12-23,,,,,8.10,7,,,0,0,0,0,0,0
21,Besiktas vs Göztepe,3.78,2.13,2.56,3.00,2,1,1,1,2021-12-23,,,,,11.47,5,,,1,0,1,0,0,0
22,Porto vs Benfica,3.43,3.38,2.86,2.88,2,4,2,6,2021-12-23,,,,,12.55,14,,,1,1,1,1,0,0
23,St. Johnstone vs Celtic,2.60,4.40,2.60,4.70,1,6,2,3,2021-12-26,,,,,14.30,12,,,1,1,1,0,0,0
24,Beerschot-Wilrijk vs RSC Anderlecht,2.80,2.80,3.30,3.10,3,4,1,3,2021-12-26,,,,,12.00,11,,,1,1,1,0,0,0
25,Hearts vs Ross County,3.22,1.70,3.33,2.00,3,0,1,5,2021-12-26,,,,,10.25,9,,,0,0,0,0,0,0
26,Sporting Charleroi vs OH Leuven,3.56,2.22,3.22,2.78,2,1,2,3,2021-12-26,,,,,11.78,8,,,1,0,1,0,0,0
27,Accrington Stanley vs Rotherham United,2.18,3.90,3.09,3.30,3,4,3,5,2021-12-26,,,,,12.47,15,,,1,0,1,1,0,0
28,West Ham United United vs Southampton,2.25,2.56,3.00,3.56,4,2,6,0,2021-12-26,,,,,11.37,12,,,1,0,0,0,0,0
29,Tottenham Hotspur vs Crystal Palace,3.00,1.50,3.56,2.25,1,1,3,1,2021-12-26,,,,,10.31,6,,,0,0,1,0,0,0
30,Rangers vs St. Mirren,4.40,2.78,4.60,2.67,4,0,3,1,2021-12-26,,,,,14.45,8,,,1,1,0,0,0,0
31,Norwich City vs Arsenal,2.56,1.89,3.33,2.00,0,2,3,2,2021-12-26,,,,,9.78,7,,,0,0,0,0,0,0
32,Dunfermline Athletic vs Arbroath,2.78,3.56,3.11,3.67,3,1,3,1,2021-12-26,,,,,13.12,8,,,1,1,1,0,0,0
33,Manchester United vs Burnley,3.63,2.13,2.13,1.25,4,2,3,3,2021-12-29,,,,,9.14,12,,,0,0,1,1,0,0
34,Chennaiyin vs Bengaluru,5.00,2.50,3.33,4.75,0,5,1,3,2021-12-29,,,,,15.58,9,,,1,1,0,0,0,0
35,Morecambe vs Crewe Alexandra,2.18,1.27,2.55,2.45,1,5,6,0,2021-12-29,,,,,8.45,12,,,0,0,0,0,0,0
36,Swindon Town vs Stevenage,2.11,2.20,3.22,2.80,1,4,4,1,2021-12-29,,,,,10.33,10,,,1,0,1,0,0,0
37,Sunderland vs Sheffield Wednesday,3.09,2.58,3.09,3.17,6,1,2,4,2021-12-29,,,,,11.93,13,,,1,1,1,0,0,0
38,Oxford United vs AFC Wimbledon,2.58,1.55,3.17,2.45,4,0,3,1,2021-12-29,,,,,9.75,8,,,0,0,0,0,0,0
39,Vitória Guimarães vs Boavista FC,3.00,1.71,3.71,1.43,7,4,4,0,2021-12-29,,,,,9.85,15,,,0,0,0,0,0,0
40,Brentford vs Manchester City,2.50,4.44,2.00,4.22,2,3,1,2,2021-12-29,,,,,13.16,8,,,1,0,1,0,0,0
41,Shrewsbury Town vs Accrington Stanley,2.45,1.82,3.36,3.09,2,4,1,4,2021-12-29,,,,,10.72,11,,,0,0,1,0,0,0
42,Barrow vs Oldham Athletic,2.40,2.40,3.20,2.50,3,3,5,3,2021-12-29,,,,,10.50,14,,,1,0,1,1,0,0
43,Kilmarnock vs Greenock Morton,4.50,2.11,2.50,2.11,3,2,6,4,2021-12-29,,,,,11.22,15,,,1,0,1,1,0,0
44,Jamshedpur vs Chennaiyin,2.33,4.00,3.67,3.25,2,4,2,2,2022-01-03,,,,,13.25,10,,,1,0,1,1,0,0
45,Raith Rovers vs Dunfermline Athletic,3.44,3.25,2.67,1.88,2,1,3,1,2022-01-03,,,,,11.24,7,,,0,0,1,0,0,0
46,Hapoel Be'er Sheva vs Bnei Sakhnin,3.13,2.14,2.63,2.14,5,1,3,2,2022-01-03,,,,,10.04,11,,,1,0,1,0,0,0
47,Shrewsbury vs Sheffield Wednesday,2.42,2.46,3.17,3.23,2,4,2,4,2022-01-03,,,,,11.28,12,,,1,0,1,1,0,0
48,Brentford vs Aston Villa,2.44,2.78,1.89,3.44,2,2,1,5,2022-01-03,,,,,10.55,10,,,0,0,1,0,0,0
49,Chelsea vs Liverpool,3.88,4.50,3.80,3.70,2,3,4,4,2022-01-03,,,,,15.88,13,,,1,1,1,1,0,0
50,Arbroath vs Inverness CT,3.33,1.78,3.56,2.22,0,4,6,1,2022-01-03,,,,,10.89,11,,,0,0,0,0,0,0
51,Queen of the South vs Hamilton Academical,1.89,2.89,3.56,3.33,1,3,2,3,2022-01-03,,,,,11.67,9,,,0,0,1,0,0,0
52,Manchester United vs Wolverhampton Wanderers,3.67,1.56,2.22,3.00,0,6,3,2,2022-01-03,,,,,10.45,11,,,0,0,0,0,0,0
53,Forest Green Rovers vs Exeter City,3.30,2.73,3.10,1.73,5,7,1,6,2022-01-03,,,,,10.86,19,,,0,0,1,0,0,0
54,CD Tondela vs Moreirense FC,2.50,3.57,2.25,2.71,0,3,1,0,2022-01-03,,,,,11.03,4,,,1,0,0,0,0,0
55,Villarreal vs Levante UD,2.78,2.22,2.89,1.44,3,1,3,4,2022-01-03,,,,,9.33,11,,,0,0,1,0,0,0
56,Stoke City vs Preston North End,2.25,1.82,2.83,2.82,4,4,0,2,2022-01-03,,,,,9.72,10,,,0,0,0,0,0,0
57,Goa vs Chennaiyin,2.33,1.00,4.00,3.00,7,0,3,0,2022-01-07,,,,,10.33,10,,,0,0,0,0,0,0
58,Cheltenham Town vs Burton Albion,2.50,2.55,2.83,2.55,4,2,4,0,2022-01-07,,,,,10.43,10,,,1,1,0,0,0,0
59,FC Vizela vs Moreirense FC,3.13,3.50,3.13,2.38,5,1,3,4,2022-01-07,,,,,12.14,13,,,1,0,1,0,0,0
60,Greenock Morton vs Dunfermline Athletic,2.33,3.00,2.67,1.78,0,1,2,0,2022-01-07,,,,,9.78,3,,,0,0,0,0,0,0
61,Accrington Stanley vs Milton Keynes Dons,2.25,2.55,3.08,2.36,2,5,0,9,2022-01-07,,,,,10.24,16,,,1,0,0,0,0,0
62,Wycombe Wanderers vs Sunderland,2.91,2.92,4.36,2.08,1,3,2,7,2022-01-07,,,,,12.27,13,,,1,0,1,0,0,0
63,FC Cartagena vs SD Huesca,2.20,1.80,4.20,2.50,1,4,0,1,2022-01-07,,,,,10.70,6,,,0,0,0,0,0,0
64,Freiburg vs Arminia Bielefeld,2.00,1.13,3.38,2.13,5,5,2,7,2022-01-07,,,,,8.64,19,,,0,0,1,1,0,0
65,Eintracht Frankfurt vs Borussia Dortmund,3.00,2.63,3.63,3.50,2,5,2,6,2022-01-07,,,,,12.76,15,,,1,1,1,1,0,0
66,Lens vs Rennes,3.33,3.67,2.56,2.78,6,1,8,0,2022-01-07,,,,,12.34,15,,,1,1,0,0,0,0
67,Ayr vs Arbroath,2.20,3.30,2.30,3.40,2,3,1,6,2022-01-07,,,,,11.20,12,,,1,0,1,0,0,0
68,Hamilton vs Partick Thistle,2.60,2.22,2.80,2.56,1,3,4,5,2022-01-07,,,,,10.18,13,,,1,0,1,0,0,0
69,Rayo Vallecano vs Real Betis,1.89,2.56,3.00,1.78,1,3,5,1,2022-01-08,,,,,9.23,10,,,0,0,1,0,0,0
70,Brest vs Nice,2.00,3.22,2.56,2.44,5,3,9,0,2022-01-08,,,,,10.22,17,,,1,0,0,0,0,0
71,Olympique Lyonnais vs PSG,2.44,2.40,3.67,2.40,1,5,1,2,2022-01-08,,,,,10.91,9,,,1,0,1,0,0,0
72,Hellas Verona vs Salernitana,1.80,2.11,2.70,2.11,8,2,9,2,2022-01-08,,,,,8.72,21,,,0,0,1,1,0,0
73,Manisa BBSK vs Istanbulspor,3.63,2.33,3.25,3.33,6,0,3,0,2022-01-08,,,,,12.54,9,,,1,0,0,0,0,0
74,Empoli vs Sassuolo,3.20,1.88,2.80,2.63,3,2,2,3,2022-01-08,,,,,10.51,10,,,0,0,1,1,0,0
75,Roma vs Juventus,2.60,2.30,3.00,2.60,7,1,1,0,2022-01-08,,,,,10.50,9,,,1,0,0,0,0,0
76,Metz vs Strasbourg,2.00,2.25,1.89,2.13,3,1,1,2,2022-01-08,,,,,8.27,7,,,0,0,1,0,0,0
77,Boluspor vs Balikesirspor,2.75,1.00,3.00,2.00,1,2,2,6,2022-01-08,,,,,8.75,11,,,0,0,1,0,0,0
78,Napoli vs Sampdoria,3.00,2.22,2.80,2.67,8,0,5,0,2022-01-08,,,,,10.69,13,,,1,0,0,0,0,0
79,Benfica vs Paços de Ferreira,1.43,2.29,4.14,3.29,3,0,6,1,2022-01-08,,,,,11.15,10,,,0,0,0,0,0,0
80,Gil Vicente vs Vitória Guimarães,2.50,1.88,2.38,2.00,4,1,2,0,2022-01-10,,,,,8.76,7,,,0,0,0,0,0,0
81,Mumbai City vs Bengaluru,2.00,3.00,3.60,4.40,3,3,5,2,2022-01-10,,,,,13.00,13,,,1,0,1,1,0,0
82,Torino vs Fiorentina,2.30,2.50,2.00,2.50,0,2,1,3,2022-01-10,,,,,9.30,6,,,1,0,0,0,0,0
83,RCD Espanyol vs Elche CF,2.56,1.70,2.67,1.10,6,0,7,0,2022-01-10,,,,,8.03,13,,,0,0,0,0,0,0
84,Al Ta'ee vs Al Hilal,1.29,3.83,4.00,3.00,3,2,0,4,2022-01-11,,,,,12.12,9,,,0,0,0,0,0,0
85,Forest Green Rovers vs Colchester United,3.45,1.45,2.91,2.36,3,1,3,2,2022-01-11,,,,,10.17,9,,,0,0,1,0,0,0
86,Sunderland vs Lincoln City,3.33,2.27,3.00,3.00,4,3,4,2,2022-01-11,,,,,11.60,13,,,1,0,1,1,0,0
87,Jamshedpur vs East Bengal,2.00,2.20,2.60,1.80,7,0,4,0,2022-01-11,,,,,8.60,11,,,0,0,0,0,0,0
88,Mansfield Town vs Swindon Town,2.69,2.45,2.15,2.55,2,4,1,2,2022-01-11,,,,,9.84,9,,,1,0,1,0,0,0
89,West Ham United United vs Norwich City,2.44,1.44,3.33,2.22,6,1,5,1,2022-01-12,,,,,9.43,13,,,0,0,1,0,0,0
90,Benevento vs Monza,4.00,2.89,2.78,3.22,2,1,0,3,2022-01-13,,,,,12.89,6,,,1,1,0,0,0,0
91,Famalicão vs CF Os Belenenses,1.86,1.38,3.57,2.50,2,3,3,2,2022-01-13,,,,,9.31,10,,,0,0,1,1,0,0
92,KAA Gent vs KV Kortrijk,4.10,2.09,3.60,1.91,4,1,2,5,2022-01-13,,,,,11.70,12,,,0,0,1,0,0,0
93,Necaxa vs Monterrey,2.00,2.67,3.13,2.22,2,1,3,3,2022-01-13,,,,,10.02,9,,,1,0,1,0,0,0
94,Borussia Dortmund vs Freiburg,2.22,2.33,2.44,2.67,6,0,3,2,2022-01-13,,,,,9.66,11,,,1,0,0,0,0,0
95,Ternana vs Ascoli,2.56,2.56,2.44,2.89,4,0,1,1,2022-01-13,,,,,10.45,6,,,1,0,0,0,0,0
96,Osnabrück vs Saarbrucken,3.40,2.33,4.00,2.44,1,5,1,1,2022-01-14,,,,,12.17,8,,,1,0,1,0,0,0
97,Fleetwood Town vs Rotherham United,2.08,3.91,3.42,3.45,2,5,2,3,2022-01-14,,,,,12.86,12,,,1,0,1,1,0,0
98,Stuttgart vs RB Leipzig,2.89,2.33,2.67,4.75,0,1,5,0,2022-01-14,,,,,12.64,6,,,1,0,0,0,0,0
99,Kaiserslautern vs Meppen,2.11,2.90,2.56,4.20,4,2,1,6,2022-01-14,,,,,11.77,13,,,1,0,1,0,0,0
100,Accrington Stanley vs Sunderland,2.23,2.92,2.85,2.46,4,5,0,7,2022-01-14,,,,,10.46,16,,,1,0,0,0,0,0
101,Balıkesirspor vs Samsunspor,1.44,2.75,3.44,2.75,2,5,4,2,2022-01-15,,,,,10.38,13,,,0,0,1,1,0,0
102,Augsburg vs Eintracht Frankfurt,2.88,1.44,3.13,2.22,0,2,4,1,2022-01-15,,,,,9.67,7,,,0,0,0,0,0,0
103,Royal Antwerp FC vs Sporting Charleroi,3.00,1.36,2.40,2.27,2,3,1,1,2022-01-15,,,,,9.03,7,,,0,0,1,0,0,0
104,Wolverhampton Wanderers vs Southampton,2.00,2.50,2.00,3.20,2,9,0,1,2022-01-14,,,,,9.70,12,,,1,0,0,0,0,0
105,Cremonese vs Como,1.78,2.00,2.67,1.56,1,4,4,3,2022-01-14,,,,,8.01,12,,,0,0,1,0,0,0
106,Real Betis vs Sevilla FC,1.90,1.70,2.30,2.30,5,0,1,6,2022-01-15,,,,,8.20,12,,,0,0,0,0,0,0
107,1860 München vs Wehen Wiesbaden,3.60,3.70,3.40,1.90,5,3,1,4,2022-01-14,,,,,12.60,13,,,0,0,1,0,0,0
108,Verl vs Würzburger Kickers,2.40,3.00,2.60,1.10,4,4,1,3,2022-01-15,,,,,9.10,12,,,0,0,1,0,0,0
109,Inverness CT vs Queen of the South,2.10,2.44,3.00,2.78,2,2,3,0,2022-01-14,,,,,10.32,7,,,1,0,0,0,0,0
110,Gillingham vs Burton Albion,1.64,2.50,3.09,2.33,3,1,3,1,2022-01-14,,,,,9.56,8,,,0,0,1,0,0,0
111,Dunfermline Athletic vs Hamilton,2.70,2.90,3.20,3.30,2,4,3,3,2022-01-14,,,,,12.10,12,,,1,1,1,1,0,0
112,Raith vs Arbroath,3.40,3.27,2.60,3.64,1,0,6,3,2022-01-14,,,,,12.91,10,,,1,1,0,0,0,0
113,SPAL vs Benevento,2.89,2.38,3.78,2.88,1,6,3,5,2022-01-15,,,,,11.93,15,,,1,0,1,0,0,0
114,Famalicão vs Paços de Ferreira,1.88,2.00,3.50,3.00,1,1,1,7,2022-01-15,,,,,10.38,10,,,0,0,1,0,0,0
115,Atalanta vs Inter Milan,2.89,3.00,3.22,3.40,3,2,3,2,2022-01-15,,,,,12.51,10,,,1,1,1,1,0,0
116,Al Ahli vs Al Wakrah,1.88,2.33,2.50,4.17,1,5,1,2,2022-01-17,,,,,10.88,9,,,0,0,1,0,0,0
117,Celtic vs Hibernian,4.56,2.40,5.67,2.50,4,0,4,1,2022-01-17,,,,,15.13,9,,,1,0,0,0,0,0
118,AC Milan vs Spezia,1.90,2.36,3.30,2.45,4,0,6,1,2022-01-17,,,,,10.01,11,,,0,0,0,0,0,0
119,Hapoel Be'er Sheva vs Maccabi Haifa,3.30,3.00,2.67,3.25,2,3,4,3,2022-01-17,,,,,12.22,12,,,1,1,1,1,0,0
120,Portimonense vs Vitória Guimarães,2.56,1.78,3.00,1.78,2,2,4,2,2022-01-17,,,,,9.12,10,,,0,0,1,1,0,0
121,Waldhof Mannheim vs Borussia Dortmund II,2.90,2.30,3.90,4.00,4,2,5,2,2022-01-17,,,,,13.10,13,,,1,0,1,1,0,0
122,Maccabi Netanya vs Bnei Sakhnin,2.22,2.00,1.67,2.13,3,2,2,1,2022-01-17,,,,,8.02,8,,,0,0,1,0,0,0
123,Cliftonville vs Glentoran,2.55,2.90,3.18,2.40,1,1,10,3,2022-01-17,,,,,11.03,15,,,1,0,1,0,0,0
124,Bochum vs Mainz 05,1.56,2.11,1.89,2.11,1,0,4,2,2022-01-18,,,,,7.67,7,,,0,0,0,0,0,0
125,Aberdeen vs Rangers,2.80,3.78,3.80,4.11,1,2,5,2,2022-01-18,,,,,14.49,10,,,1,1,1,0,0,0
126,Konyaspor vs Adana Demirspor,2.91,2.09,3.00,2.27,6,5,2,2,2022-01-18,,,,,10.27,15,,,1,0,1,1,0,0
127,Ross County vs Motherwell,2.22,2.22,1.78,2.67,2,4,3,2,2022-01-18,,,,,8.89,11,,,0,0,1,1,0,0
128,Dundee United vs St. Mirren,2.30,2.50,2.40,2.50,4,4,4,4,2022-01-18,,,,,9.70,16,,,1,0,1,1,0,0
129,Cádiz vs RCD Espanyol,1.90,1.70,2.80,3.60,1,1,2,1,2022-01-18,,,,,10.00,5,,,0,0,1,0,0,0
130,Fulham vs Birmingham City,3.85,1.69,2.92,1.62,5,4,1,1,2022-01-18,,,,,10.08,11,,,0,0,1,0,0,0
131,Morecambe vs Wigan Athletic,2.08,3.27,3.08,2.91,1,3,0,1,2022-01-18,,,,,11.34,5,,,1,0,0,0,0,0
132,Brighton & Hove Albion vs Chelsea,3.20,2.09,2.80,3.18,1,1,4,6,2022-01-18,,,,,11.27,12,,,1,0,1,0,0,0
133,Hoffenheim vs Freiburg,2.78,2.10,3.33,2.60,3,0,7,2,2022-01-19,,,,,10.81,12,,,1,0,0,0,0,0
134,Goa vs East Bengal,4.00,1.83,2.40,1.50,5,0,4,0,2022-01-19,,,,,9.73,9,,,0,0,0,0,0,0
135,Brentford vs Manchester United,2.40,2.80,1.80,2.10,4,4,2,5,2022-01-19,,,,,9.10,15,,,0,0,1,1,0,0
136,Reading vs Luton Town,1.54,2.09,1.85,2.82,2,2,4,2,2022-01-19,,,,,8.30,10,,,0,0,1,1,0,0
137,Leicester City vs Tottenham Hotspur,1.44,1.25,3.56,3.63,2,6,1,2,2022-01-19,,,,,9.88,11,,,0,0,1,0,0,0
138,Elche CF vs Real Madrid,3.10,2.27,2.10,3.00,2,3,0,4,2022-01-20,,,,,10.47,9,,,1,0,0,0,0,0
139,Alanyaspor vs Hatayspor,2.30,1.55,3.10,2.27,1,0,2,1,2022-01-20,,,,,9.22,4,,,0,0,0,0,0,0
140,Galatasaray vs Kasımpaşa,3.90,0.90,3.90,3.40,3,4,2,2,2022-01-20,,,,,12.10,11,,,0,0,1,1,0,0
141,Brescia vs Ternana,2.56,2.33,2.67,2.67,1,1,3,3,2022-01-21,,,,,10.23,8,,,1,0,1,0,0,0
142,KV Oostende vs Royal Antwerp FC,3.18,2.00,3.18,2.70,2,2,3,6,2022-01-21,,,,,11.06,13,,,1,0,1,1,0,0
143,Everton vs Aston Villa,1.56,2.70,3.33,3.60,3,2,6,0,2022-01-21,,,,,11.19,11,,,0,0,0,0,0,0
144,SPAL vs Pisa,2.70,3.00,3.70,3.00,2,1,3,1,2022-01-21,,,,,12.40,7,,,1,1,1,0,0,0
145,Plymouth Argyle vs Lincoln City,3.67,2.33,3.00,2.92,2,1,4,2,2022-01-21,,,,,11.92,9,,,1,0,1,0,0,0
146,RCD Espanyol vs Real Betis,2.90,2.60,3.10,1.70,0,2,6,3,2022-01-21,,,,,10.30,11,,,0,0,0,0,0,0
147,Rochdale vs Bradford City,2.82,1.75,3.82,2.17,3,3,2,2,2022-01-21,,,,,10.56,10,,,0,0,1,1,0,0
148,Eintracht Frankfurt vs Arminia Bielefeld,2.89,1.56,3.44,2.67,5,1,5,0,2022-01-21,,,,,10.56,11,,,0,0,0,0,0,0
149,Manchester United vs West Ham United United,3.30,2.64,2.30,2.91,1,0,2,3,2022-01-21,,,,,11.15,6,,,1,0,0,0,0,0
150,Hamburger SV vs St. Pauli,3.90,2.30,4.70,2.50,6,2,1,1,2022-01-21,,,,,13.40,10,,,1,0,1,0,0,0
151,Wehen Wiesbaden vs Osnabrück,2.70,1.89,2.40,3.22,0,5,2,5,2022-01-21,,,,,10.21,12,,,0,0,0,0,0,0
152,Oxford United vs Sheffield Wednesday,2.86,2.57,3.21,3.29,4,3,4,1,2022-01-21,,,,,11.93,12,,,1,1,1,0,0,0
153,Forest Green Rovers vs Carlisle United,3.42,2.25,2.92,2.42,1,4,2,2,2022-01-21,,,,,11.01,9,,,1,0,1,0,0,0
154,Watford vs Norwich City,1.60,1.40,2.90,2.10,3,0,2,1,2022-01-21,,,,,8.00,6,,,0,0,0,0,0,0
155,Graafschap vs Almere City,2.82,2.73,4.73,3.45,2,2,0,3,2022-01-21,,,,,13.73,7,,,1,1,0,0,0,0
156,FC Emmen vs Breda,3.67,2.00,3.11,3.73,2,3,0,7,2022-01-21,,,,,12.51,12,,,1,0,0,0,0,0
157,NEC vs Feyenoord,3.22,3.22,2.22,4.56,2,7,0,2,2022-01-22,,,,,13.22,11,,,1,0,0,0,0,0
158,Crystal Palace vs Liverpool,2.36,4.36,3.18,3.73,1,5,1,0,2022-01-22,,,,,13.63,7,,,1,0,0,0,0,0
159,KV Mechelen vs RSC Anderlecht,3.09,2.91,3.36,3.09,2,0,2,4,2022-01-22,,,,,12.45,8,,,1,1,0,0,0,0
160,Atromitos vs AEK Athens,2.57,4.22,2.43,2.44,0,3,4,0,2022-01-22,,,,,11.66,7,,,1,0,0,0,0,0
161,Empoli vs Roma,3.18,3.30,2.73,4.00,1,2,1,1,2022-01-22,,,,,13.21,5,,,1,1,1,0,0,0
162,Magdeburg vs Havelse,2.90,3.40,3.30,2.00,4,4,5,2,2022-01-22,,,,,11.60,15,,,1,0,1,1,0,0
163,Leicester City vs Brighton & Hove Albion,1.50,2.80,3.30,2.10,3,2,1,3,2022-01-22,,,,,9.70,9,,,0,0,1,0,0,0
164,Hannover 96 vs Dynamo Dresden,2.67,1.60,2.78,3.00,0,2,6,3,2022-01-22,,,,,10.05,11,,,0,0,0,0,0,0
165,Bordeaux vs Strasbourg,2.27,2.20,3.00,2.00,1,1,9,6,2022-01-22,,,,,9.47,17,,,1,0,1,0,0,0
166,Hertha BSC vs Bayern München,1.89,3.33,3.11,2.89,1,7,3,2,2022-01-22,,,,,11.22,13,,,0,0,1,0,0,0
167,Kasımpaşa vs Kayserispor,2.36,1.64,3.82,2.27,3,0,1,3,2022-01-22,,,,,10.09,7,,,0,0,0,0,0,0
168,Meppen vs Zwickau,2.30,2.30,3.00,2.50,2,1,3,2,2022-01-22,,,,,10.10,8,,,1,0,1,0,0,0
169,Scunthorpe United vs Bristol Rovers,2.83,2.18,2.58,3.09,4,1,3,2,2022-01-24,,,,,10.68,10,,,1,0,1,0,0,0
170,Fleetwood Town vs Plymouth Argyle,2.08,1.85,3.31,2.15,1,0,3,2,2022-01-24,,,,,9.39,6,,,0,0,0,0,0,0
171,Burton Albion vs Milton Keynes Dons,2.85,2.54,3.31,2.77,2,3,2,3,2022-01-24,,,,,11.47,10,,,1,1,1,1,0,0
172,Coventry City vs Stoke City,2.85,2.58,3.77,3.08,3,4,2,1,2022-01-24,,,,,12.28,10,,,1,1,1,0,0,0
173,Walsall vs Bradford City,2.46,1.85,1.62,2.15,4,0,1,1,2022-01-24,,,,,8.08,6,,,0,0,0,0,0,0
174,AFC Wimbledon vs Ipswich Town,1.36,2.23,3.09,2.54,0,6,1,3,2022-01-24,,,,,9.22,10,,,0,0,0,0,0,0
175,Queens Park Rangers vs Swansea City,2.77,2.25,3.38,2.25,2,1,2,2,2022-01-24,,,,,10.65,7,,,1,0,1,0,0,0
176,Verl vs Meppen,2.55,2.82,2.45,4.36,2,2,6,2,2022-01-26,,,,,12.18,12,,,1,0,1,1,0,0
177,Hearts vs Celtic,3.00,4.55,3.09,4.55,0,5,4,5,2022-01-26,,,,,15.19,14,,,1,1,0,0,0,0
178,Dundee United vs Ross County,2.45,1.55,2.55,2.27,4,3,2,3,2022-01-26,,,,,8.82,12,,,0,0,1,1,0,0
179,Zulte-Waregem vs OH Leuven,2.18,2.09,2.36,2.82,2,1,4,1,2022-01-26,,,,,9.45,8,,,1,0,1,0,0,0
180,St. Johnstone vs Dundee,2.45,1.45,2.55,2.55,5,1,3,1,2022-01-26,,,,,9.00,10,,,0,0,1,0,0,0
181,West Bromwich Albion vs Preston North End,3.62,2.23,3.46,2.85,2,2,1,2,2022-01-26,,,,,12.16,7,,,1,0,1,0,0,0
182,Zwickau vs Eintracht Braunschweig,3.50,2.80,3.50,2.70,4,4,0,7,2022-01-26,,,,,12.50,15,,,1,1,0,0,0,0
183,RSC Anderlecht vs Cercle Brugge,2.73,2.09,3.73,2.27,3,1,1,0,2022-01-26,,,,,10.82,5,,,1,0,0,0,0,0
184,Havelse vs Wehen Wiesbaden,1.82,3.64,1.91,2.09,2,7,3,3,2022-01-26,,,,,9.46,15,,,0,0,1,1,0,0
185,Bengaluru vs Chennaiyin,1.83,3.33,3.00,2.50,4,1,0,3,2022-01-26,,,,,10.66,8,,,0,0,0,0,0,0
186,Lecce vs Vicenza,2.89,1.56,3.33,2.11,4,4,2,0,2022-01-26,,,,,9.89,10,,,0,0,0,0,0,0
187,Saarbrucken vs Borussia Dortmund II,2.18,2.27,3.82,3.82,3,2,1,3,2022-01-26,,,,,12.09,9,,,1,0,1,0,0,0
188,Brisbane Roar vs Western Sydney Wanderers,3.00,1.67,2.67,3.67,1,2,1,3,2022-01-28,,,,,11.01,7,,,0,0,1,0,0,0
189,Middlesbrough vs Coventry City,3.36,3.08,3.50,3.42,4,4,2,4,2022-01-28,,,,,13.36,14,,,1,1,1,1,0,0
190,Accrington Stanley vs Morecambe,2.36,2.17,2.64,1.92,6,0,6,4,2022-01-28,,,,,9.09,16,,,0,0,0,0,0,0
191,Bolton Wanderers vs Sunderland,3.17,3.07,4.08,2.79,1,1,1,0,2022-01-28,,,,,13.11,3,,,1,1,0,0,0,0
192,Sheffield Wednesday vs Ipswich Town,3.09,2.50,3.27,2.57,4,0,1,5,2022-01-28,,,,,11.43,10,,,1,1,0,0,0,0
193,Queen of the South vs Dunfermline Athletic,1.73,2.80,3.36,1.60,3,6,6,2,2022-01-28,,,,,9.49,17,,,0,0,1,1,0,0
194,Lincoln City vs Burton Albion,2.92,2.38,2.23,2.23,6,3,4,2,2022-01-28,,,,,9.76,15,,,1,0,1,1,0,0
195,Aarau vs Neuchâtel Xamax,3.67,1.67,3.56,2.11,4,0,2,3,2022-01-28,,,,,11.01,9,,,0,0,0,0,0,0
196,Hamilton Academical vs Ayr United,2.36,1.33,3.00,1.56,6,1,2,1,2022-01-28,,,,,8.25,10,,,0,0,1,0,0,0
197,Bradford City vs Crawley Town,3.42,1.85,2.92,2.54,6,1,1,2,2022-01-28,,,,,10.73,10,,,0,0,1,0,0,0
198,Doncaster Rovers vs Plymouth Argyle,2.54,1.71,2.23,2.14,2,5,2,1,2022-01-28,,,,,8.62,10,,,0,0,1,0,0,0
199,Tranmere Rovers vs Forest Green Rovers,2.15,3.00,2.85,2.67,4,5,1,1,2022-01-28,,,,,10.67,11,,,1,0,1,0,0,0
200,Morton vs Raith,2.10,2.09,2.60,1.91,1,3,3,1,2022-01-28,,,,,8.70,8,,,0,0,1,0,0,0
201,Kilmarnock vs Inverness,4.33,1.91,2.89,2.00,1,2,1,3,2022-01-28,,,,,11.13,7,,,0,0,1,0,0,0
202,KAA Gent vs Club Brugge,4.08,3.62,3.31,2.38,2,2,3,0,2022-02-01,,,,,13.39,7,,,1,0,0,0,0,0
203,Macarthur vs Western United,3.25,3.33,2.50,5.33,1,2,4,0,2022-02-01,,,,,14.41,7,,,1,1,0,0,0,0
204,Celtic vs Rangers,4.82,3.55,5.55,4.00,5,1,5,1,2022-02-01,,,,,17.92,12,,,1,1,1,0,0,0
205,KV Kortrijk vs Royal Antwerp FC,2.91,2.17,2.00,3.00,4,1,4,0,2022-02-01,,,,,10.08,9,,,1,0,0,0,0,0
206,Doncaster Rovers vs Rotherham United,2.50,3.92,2.21,3.38,1,5,2,2,2022-02-01,,,,,12.01,10,,,1,0,1,0,0,0
207,Sheffield Wednesday vs Morecambe,3.17,2.00,3.08,2.08,4,0,7,3,2022-02-01,,,,,10.33,14,,,1,0,0,0,0,0
208,Dundee vs Dundee United,3.30,2.09,1.80,1.73,5,3,6,3,2022-02-01,,,,,8.92,17,,,0,0,1,1,0,0
209,Tranmere Rovers vs Stevenage,2.29,2.38,2.71,2.62,5,1,2,4,2022-02-01,,,,,10.00,12,,,1,0,1,0,0,0
210,Raith Rovers vs Queen of the South,3.18,2.40,2.91,2.50,2,1,6,1,2022-02-01,,,,,10.99,10,,,1,0,1,0,0,0
211,Partick Thistle vs Ayr United,3.00,1.30,3.90,1.50,1,1,4,2,2022-02-01,,,,,9.70,8,,,0,0,1,0,0,0
212,Bradford City vs Leyton Orient,3.62,1.58,2.77,2.33,0,2,5,2,2022-02-01,,,,,10.30,9,,,0,0,0,0,0,0
213,Western Sydney Wanderers vs Perth Glory FC,5.00,1.60,1.67,0.80,1,4,2,0,2022-02-01,,,,,9.07,7,,,0,0,0,0,0,0
214,St. Mirren vs Motherwell,2.73,2.27,3.00,2.45,2,1,4,0,2022-02-01,,,,,10.45,7,,,1,0,0,0,0,0
215,Goa vs Odisha FC,4.17,2.60,2.67,2.40,3,2,1,4,2022-02-01,,,,,11.84,10,,,1,0,1,0,0,0
216,Hibernian vs Hearts,2.73,1.80,3.45,3.20,3,3,0,2,2022-02-01,,,,,11.18,8,,,0,0,0,0,0,0
217,Athletic Club Bilbao vs Real Madrid,3.80,2.27,4.00,3.00,6,1,2,2,2022-02-03,,,,,13.07,11,,,1,0,1,0,0,0
218,Newcastle Jets FC vs Brisbane Roar,3.00,0.75,2.33,2.88,2,0,3,4,2022-02-03,,,,,8.96,9,,,0,0,0,0,0,0
219,Real Sociedad vs Real Betis,1.91,2.55,2.36,1.82,4,3,5,1,2022-02-03,,,,,8.64,13,,,0,0,1,0,0,0
220,MSV Duisburg vs Osnabrück,1.91,2.36,2.64,3.55,2,2,5,5,2022-02-03,,,,,10.46,14,,,0,0,1,1,0,0
221,Adelaide United vs Sydney FC,3.25,3.75,4.00,4.25,4,1,7,1,2022-02-03,,,,,15.25,13,,,1,1,1,0,0,0
222,Zagłębie Lubin vs Legia Warszawa,1.78,4.22,3.67,3.67,5,0,2,1,2022-02-03,,,,,13.34,8,,,0,0,0,0,0,0
223,Heidenheim vs Hannover 96,3.90,1.80,3.70,3.50,2,1,6,1,2022-02-03,,,,,12.90,10,,,0,0,1,0,0,0
224,Almería vs UD Ibiza,2.58,2.00,3.08,3.00,3,0,2,3,2022-02-03,,,,,10.66,8,,,1,0,0,0,0,0
225,Mumbai City vs ATK Mohun Bagan,2.71,2.00,3.57,3.75,1,5,2,3,2022-02-03,,,,,12.03,11,,,1,0,1,0,0,0
226,Hertha BSC vs Bochum,1.80,1.50,3.10,1.90,4,3,0,4,2022-02-03,,,,,8.30,11,,,0,0,0,0,0,0
227,Freiburg II vs Viktoria Köln,2.42,1.82,2.08,2.18,3,1,3,7,2022-02-03,,,,,8.50,14,,,0,0,1,0,0,0
228,Olympique Marseille vs Angers SCO,2.36,2.64,4.18,1.82,3,1,3,1,2022-02-03,,,,,11.00,8,,,0,0,1,0,0,0
229,Nürnberg vs Ingolstadt,2.60,1.00,2.40,1.30,1,3,7,1,2022-02-03,,,,,7.30,12,,,0,0,1,0,0,0
230,Dundee vs Ross County,3.45,1.67,2.18,2.33,3,3,4,3,2022-02-05,,,,,9.63,13,,,0,0,1,1,0,0
231,Havelse vs Meppen,1.83,2.75,2.00,4.17,5,0,3,3,2022-02-05,,,,,10.75,11,,,0,0,0,0,0,0
232,Holstein Kiel vs Fortuna Düsseldorf,2.70,1.90,2.80,3.30,1,3,3,0,2022-02-05,,,,,10.70,7,,,0,0,0,0,0,0
233,KV Mechelen vs Beerschot-Wilrijk,3.00,1.64,3.25,3.45,2,7,4,1,2022-02-05,,,,,11.34,14,,,0,0,1,0,0,0
234,Scunthorpe United vs Oldham Athletic,2.92,2.38,2.62,2.54,0,3,2,5,2022-02-05,,,,,10.46,10,,,1,0,0,0,0,0
235,1860 München vs Eintracht Braunschweig,3.73,2.91,3.18,3.09,3,2,3,5,2022-02-05,,,,,12.91,13,,,1,1,1,1,0,0
236,Burton Albion vs Sheffield Wednesday,2.79,2.60,3.21,3.13,5,5,1,3,2022-02-05,,,,,11.73,14,,,1,1,1,0,0,0
237,Royal Antwerp FC vs Union Saint-Gilloise,2.92,2.42,2.50,2.25,2,3,4,1,2022-02-05,,,,,10.09,10,,,1,0,1,0,0,0
238,KRC Genk vs Zulte-Waregem,3.27,1.08,2.73,1.92,4,1,1,3,2022-02-05,,,,,9.00,9,,,0,0,1,0,0,0
239,Lechia Gdańsk vs Śląsk Wrocław,3.78,2.30,3.22,2.10,6,0,8,1,2022-02-05,,,,,11.40,15,,,1,0,0,0,0,0
240,Alanyaspor vs Galatasaray,2.18,2.36,3.00,3.45,5,1,3,0,2022-02-05,,,,,10.99,9,,,1,0,0,0,0,0
241,Boavista FC vs FC Vizela,2.50,2.44,2.80,2.00,5,3,2,2,2022-02-05,,,,,9.74,12,,,1,0,1,1,0,0
244,Basel vs Sion,3.11,2.11,3.11,1.44,1,2,3,2,2022-02-05,,,,,9.77,8,,,0,0,1,0,0,0
245,Motherwell vs Celtic,1.75,4.58,1.92,4.58,2,5,2,5,2022-02-05,,,,,12.83,14,,,0,0,1,1,0,0
246,Swindon Town vs Exeter City,2.38,3.15,3.23,2.31,2,4,4,3,2022-02-05,,,,,11.07,13,,,1,0,1,1,0,0
247,Rangers vs Hearts,4.42,1.91,4.50,3.09,3,1,1,2,2022-02-05,,,,,13.92,7,,,0,0,1,0,0,0
248,Bayern München vs RB Leipzig,3.50,2.00,2.90,4.22,2,0,0,0,2022-02-05,,,,,12.62,2,,,1,0,0,0,0,0
249,Burnley vs Watford,2.86,2.11,3.14,2.00,3,2,1,5,2022-02-05,,,,,10.11,11,,,1,0,1,0,0,0
250,Magdeburg vs Wehen Wiesbaden,2.75,3.92,3.25,2.17,1,2,8,2,2022-02-05,,,,,12.09,13,,,1,0,1,0,0,0
251,Verl vs Hallescher FC,2.50,2.67,2.75,2.83,2,2,2,1,2022-02-05,,,,,10.75,7,,,1,1,1,0,0,0
252,St. Johnstone vs Dundee United,2.00,2.38,2.58,1.83,4,6,3,7,2022-02-05,,,,,8.79,20,,,0,0,1,1,0,0
253,Barrow vs Tranmere Rovers,2.57,1.77,3.36,2.46,1,4,2,4,2022-02-05,,,,,10.16,11,,,0,0,1,0,0,0
254,Saint-Étienne vs Montpellier,2.27,2.40,3.73,1.70,5,0,6,0,2022-02-05,,,,,10.10,11,,,0,0,0,0,0,0
255,KV Oostende vs OH Leuven,3.08,2.00,3.17,2.67,1,0,5,2,2022-02-05,,,,,10.92,8,,,1,0,0,0,0,0
256,Real Betis vs Villarreal,2.00,2.00,2.55,2.50,2,4,4,2,2022-02-05,,,,,9.05,12,,,1,0,1,1,0,0
257,Ayr United vs Dunfermline Athletic,2.17,3.09,2.33,1.64,2,1,6,1,2022-02-05,,,,,9.23,10,,,0,0,1,0,0,0
258,Thun vs Wil,2.56,2.78,3.22,3.44,7,3,3,5,2022-02-05,,,,,12.00,18,,,1,1,1,1,0,0
259,Chennaiyin vs Mumbai City,3.00,2.00,2.50,3.60,0,4,1,1,2022-02-05,,,,,11.10,6,,,1,0,0,0,0,0
260,Raith Rovers vs Hamilton Academical,3.08,3.00,3.17,3.27,5,5,1,8,2022-02-05,,,,,12.52,19,,,1,1,1,0,0,0
261,Borussia Dortmund vs Bayer Leverkusen,2.60,2.30,2.50,3.00,1,5,6,1,2022-02-06,,,,,10.40,13,,,1,0,1,0,0,0
262,Sampdoria vs Sassuolo,2.42,1.64,1.75,2.64,2,5,1,4,2022-02-06,,,,,8.45,12,,,0,0,1,0,0,0
263,Nice vs Clermont,2.36,2.00,3.09,2.18,3,3,2,0,2022-02-06,,,,,9.63,8,,,1,0,0,0,0,0
264,Venezia vs Napoli,1.18,2.00,2.00,1.82,1,3,1,3,2022-02-06,,,,,7.00,8,,,0,0,1,0,0,0
265,Newcastle Jets FC vs Melbourne City FC,2.75,2.25,2.50,4.75,4,6,3,1,2022-02-07,,,,,12.25,14,,,1,0,1,0,0,0
266,Doncaster Rovers vs Ipswich Town,2.40,2.33,2.20,2.73,2,3,5,3,2022-02-07,,,,,9.66,13,,,1,0,1,1,0,0
267,Fleetwood Town vs Milton Keynes Dons,2.27,2.60,3.20,2.67,1,2,2,0,2022-02-07,,,,,10.74,5,,,1,0,0,0,0,0
268,Salernitana vs Spezia,2.10,2.17,3.30,2.33,0,6,5,0,2022-02-07,,,,,9.90,11,,,1,0,0,0,0,0
269,Cheltenham Town vs Sunderland,2.40,2.93,2.80,2.60,1,3,2,2,2022-02-07,,,,,10.73,8,,,1,0,1,0,0,0
270,Portsmouth vs Burton Albion,2.69,2.43,2.85,2.21,5,2,4,2,2022-02-07,,,,,10.18,13,,,1,0,1,1,0,0
271,AFC Wimbledon vs Rotherham United,1.14,4.00,2.86,3.29,0,6,0,2,2022-02-07,,,,,11.29,8,,,0,0,0,0,0,0
272,Forest Green Rovers vs Rochdale,3.14,2.36,2.71,3.29,4,1,4,1,2022-02-07,,,,,11.50,10,,,1,0,1,0,0,0
273,Lincoln City vs Morecambe,3.14,1.86,2.36,2.14,0,1,1,2,2022-02-07,,,,,9.50,4,,,0,0,0,0,0,0
274,Luton Town vs Barnsley,2.71,1.64,2.43,2.36,5,4,4,0,2022-02-07,,,,,9.14,13,,,0,0,0,0,0,0
275,Scunthorpe United vs Walsall,2.71,2.54,2.57,1.92,1,3,0,4,2022-02-07,,,,,9.74,8,,,0,0,0,0,0,0
276,Tranmere Rovers vs Swindon Town,2.47,2.86,2.67,2.43,1,0,2,2,2022-02-07,,,,,10.43,5,,,1,0,0,0,0,0
277,Zwickau vs Viktoria Köln,3.50,1.75,3.33,2.58,3,1,3,0,2022-02-07,,,,,11.16,7,,,0,0,0,0,0,0
278,Accrington Stanley vs Oxford United,2.60,2.50,2.87,3.00,1,4,1,0,2022-02-07,,,,,10.97,6,,,1,1,0,0,0,0
279,Athletic Club Bilbao vs RCD Espanyol,3.80,1.64,4.00,3.36,2,2,3,1,2022-02-07,,,,,12.80,8,,,0,0,1,0,0,0
280,Bolton Wanderers vs Charlton Athletic,3.29,3.43,3.64,2.64,0,0,1,3,2022-02-07,,,,,13.00,4,,,1,1,0,0,0,0
281,Aberdeen vs Celtic,2.64,4.62,3.91,4.62,0,2,1,1,2022-02-08,,,,,15.79,4,,,1,1,0,0,0,0
282,Arbroath vs Hamilton,2.82,3.17,3.73,3.67,3,4,2,2,2022-02-08,,,,,13.39,11,,,1,1,1,1,0,0
283,Inverness CT vs Partick,2.08,2.20,2.92,2.80,2,1,5,4,2022-02-08,,,,,10.00,12,,,1,0,1,0,0,0
284,QPR vs Middlesbrough,2.73,2.00,3.27,2.38,1,3,2,5,2022-02-08,,,,,10.38,11,,,1,0,1,0,0,0
285,Sheffield Utd vs West Brom,3.00,2.67,3.45,3.33,1,1,2,1,2022-02-08,,,,,12.45,5,,,1,1,1,0,0,0
286,Tottenham vs Southampton,2.80,3.09,3.50,3.00,2,4,0,2,2022-02-08,,,,,12.39,8,,,1,1,0,0,0,0
287,Western Sydney Wanderers vs Melbourne City FC,3.80,3.00,2.00,4.00,6,2,2,1,2022-02-10,,,,,12.80,11,,,1,0,1,0,0,0
288,Hamburger SV vs Heidenheim,4.09,2.90,4.36,2.50,2,1,1,2,2022-02-11,,,,,13.85,6,,,1,1,1,0,0,0
289,Hallescher FC vs Zwickau,3.09,2.18,2.64,2.45,1,1,1,2,2022-02-11,,,,,10.36,5,,,1,0,1,0,0,0
290,Manchester United vs Southampton,3.09,3.33,2.27,2.92,0,2,1,2,2022-02-11,,,,,11.61,5,,,1,0,0,0,0,0
291,Cracovia Kraków vs Lechia Gdańsk,2.20,4.00,3.70,3.30,5,4,6,1,2022-02-11,,,,,13.20,16,,,1,0,1,0,0,0
292,Radomiak Radom vs Raków Częstochowa,3.80,2.60,3.50,4.00,0,3,3,1,2022-02-11,,,,,13.90,7,,,1,1,0,0,0,0
293,Norwich City vs Manchester City,2.25,4.25,3.42,4.00,2,7,2,5,2022-02-11,,,,,13.92,16,,,1,0,1,1,0,0
294,Rochdale vs Harrogate Town,2.83,2.46,3.67,3.31,8,2,3,2,2022-02-11,,,,,12.27,15,,,1,0,1,1,0,0
295,Barrow vs Stevenage,2.47,2.27,3.27,2.60,7,1,1,1,2022-02-11,,,,,10.61,10,,,1,0,1,0,0,0
296,Napoli vs Inter Milan,3.67,2.91,3.08,3.27,2,0,2,2,2022-02-11,,,,,12.93,6,,,1,1,0,0,0,0
297,Bradford City vs Exeter City,3.36,3.21,2.93,2.36,2,5,4,4,2022-02-11,,,,,11.86,15,,,1,0,1,1,0,0
298,Ankaragücü vs İstanbulspor,3.00,2.36,3.60,2.91,4,0,6,1,2022-02-11,,,,,11.87,11,,,1,0,0,0,0,0
299,Newport County vs Oldham Athletic,2.23,2.43,2.77,2.71,2,1,8,3,2022-02-11,,,,,10.14,14,,,1,0,1,0,0,0
300,Villarreal vs Real Madrid,3.00,2.27,3.17,3.00,3,0,0,3,2022-02-11,,,,,11.44,6,,,1,0,0,0,0,0
301,KV Mechelen vs KV Oostende,2.92,2.62,3.31,2.85,4,0,3,3,2022-02-11,,,,,11.70,10,,,1,1,0,0,0,0
302,Zulte-Waregem vs RSC Anderlecht,2.23,2.54,2.54,3.00,3,2,3,3,2022-02-11,,,,,10.31,11,,,1,0,1,1,0,0
303,Olympique Lyonnais vs Nice,2.17,3.27,3.08,2.00,3,1,1,0,2022-02-11,,,,,10.52,5,,,1,0,0,0,0,0
304,Pisa vs Ternana,3.30,2.20,1.40,2.70,3,3,5,3,2022-02-11,,,,,9.60,14,,,0,0,1,1,0,0
305,Kilmarnock vs Dunfermline Athletic,4.00,2.92,2.45,1.58,1,1,4,0,2022-02-11,,,,,10.95,6,,,0,0,0,0,0,0
306,Vasco da Gama vs Botafogo,2.68,2.05,2.21,3.21,2,3,7,2,2022-02-13,,,,,10.15,14,,,1,0,1,1,0,0
307,Tottenham Hotspur vs Wolverhampton Wanderers,2.73,2.00,3.18,2.73,1,1,6,2,2022-02-13,,,,,10.64,10,,,1,0,1,0,0,0
308,Burnley vs Liverpool,2.67,4.42,2.67,3.42,3,4,2,4,2022-02-13,,,,,13.18,13,,,1,1,1,1,0,0
309,Pogoń Szczecin vs Zagłębie Lubin,4.00,2.20,3.78,2.60,5,3,2,1,2022-02-13,,,,,12.58,11,,,1,0,1,0,0,0
310,Beerschot-Wilrijk vs KV Kortrijk,3.00,2.00,3.62,2.00,1,4,2,3,2022-02-13,,,,,10.62,10,,,1,0,1,0,0,0
311,Viktoria Köln vs Osnabrück,2.33,2.33,3.33,3.67,1,3,2,3,2022-02-13,,,,,11.66,9,,,1,0,1,0,0,0
312,Fortuna Düsseldorf vs Schalke 04,3.00,3.30,4.10,2.60,5,0,3,2,2022-02-13,,,,,13.00,10,,,1,1,0,0,0,0
313,Sheffield Wednesday vs Rotherham United,3.07,4.13,3.50,3.20,2,2,4,3,2022-02-13,,,,,13.90,11,,,1,1,1,1,0,0
314,Arda vs Ludogorets,3.50,3.13,2.38,2.00,0,4,3,1,2022-02-13,,,,,11.01,8,,,1,0,0,0,0,0
315,Newcastle United vs Aston Villa,2.00,2.64,2.33,3.27,1,3,2,3,2022-02-13,,,,,10.24,9,,,1,0,1,0,0,0
316,Legia Warszawa vs Warta Poznań,2.78,1.67,4.33,2.56,2,1,3,2,2022-02-13,,,,,11.34,8,,,0,0,1,0,0,0
317,Mumbai City vs Odisha FC,2.50,2.29,3.38,2.71,2,5,6,5,2022-02-13,,,,,10.88,18,,,1,0,1,1,0,0
318,Sassuolo vs Roma,2.42,3.18,3.50,3.73,2,1,2,2,2022-02-13,,,,,12.83,7,,,1,0,1,0,0,0
319,Young Boys vs Basel,4.50,2.50,3.40,2.20,3,3,1,6,2022-02-13,,,,,12.60,13,,,1,0,1,0,0,0
320,Türkgücü-Ataspor vs 1860 München,3.25,2.67,2.17,2.75,0,1,0,1,2022-02-15,,,,,10.84,2,,,1,0,0,0,0,0
321,SPAL vs Reggina,2.64,1.91,3.64,2.36,0,1,4,2,2022-02-15,,,,,10.55,7,,,0,0,0,0,0,0
322,KRC Genk vs KV Mechelen,3.38,1.64,2.38,2.82,6,3,6,2,2022-02-15,,,,,10.22,17,,,0,0,1,1,0,0
323,Goa vs ATK Mohun Bagan,4.00,2.83,2.43,3.17,3,4,4,3,2022-02-15,,,,,12.43,14,,,1,0,1,1,0,0
324,Hradec Králové vs Bohemians 1905,2.45,2.27,4.36,1.64,4,0,2,3,2022-02-15,,,,,10.72,9,,,0,0,0,0,0,0
325,Frosinone vs Como,4.00,2.09,2.91,1.91,6,2,3,0,2022-02-15,,,,,10.91,11,,,0,0,0,0,0,0
326,Wellington Phoenix vs Brisbane Roar,3.00,0.60,2.17,2.80,3,3,1,5,2022-02-15,,,,,8.57,12,,,0,0,1,0,0,0
327,Aberdeen vs St. Johnstone,2.42,2.25,3.67,1.67,4,2,3,2,2022-02-15,,,,,10.01,11,,,0,0,1,1,0,0
328,Manchester United vs Brighton & Hove Albion,2.83,2.75,2.17,2.17,2,1,8,1,2022-02-15,,,,,9.92,12,,,1,0,1,0,0,0
329,Gençlerbirliği vs Samsunspor,2.00,3.20,3.18,2.50,0,3,6,5,2022-02-15,,,,,10.88,14,,,1,0,0,0,0,0
330,Viktoria Berlin vs Eintracht Braunschweig,2.64,2.83,2.27,3.25,1,7,2,5,2022-02-15,,,,,10.99,15,,,1,0,1,0,0,0
331,Atlético Madrid vs Levante UD,2.91,2.27,3.91,1.91,3,2,2,1,2022-02-15,,,,,11.00,8,,,0,0,1,0,0,0
332,Crotone vs Brescia,3.27,3.18,3.09,2.91,1,2,1,5,2022-02-15,,,,,12.45,9,,,1,1,1,0,0,0
333,Benevento vs Ascoli,3.73,2.27,2.45,2.55,3,4,2,2,2022-02-15,,,,,11.00,11,,,1,0,1,1,0,0
334,US Alessandria vs Lecce,3.00,2.09,3.91,3.27,2,2,1,6,2022-02-15,,,,,12.27,11,,,1,0,1,0,0,0
335,Sporting CP vs Manchester City,3.09,4.46,2.73,4.08,0,2,0,4,2022-02-15,,,,,14.36,6,,,1,1,0,0,0,0
336,Inter Milan vs Liverpool,3.58,4.38,2.67,3.46,4,3,3,4,2022-02-16,,,,,14.09,14,,,1,1,1,1,0,0
337,Salzburg vs Bayern Munich,4.89,3.64,4.11,3.09,2,4,3,6,2022-02-16,,,,,15.73,15,,,1,1,1,1,0,0
338,Domžale vs Olimpija,3.40,3.10,2.80,4.00,1,1,3,1,2022-02-17,,,,,13.30,6,,,1,1,1,0,0,0
339,Wellington Phoenix vs Sydney FC,3.00,3.20,2.00,3.60,1,3,3,5,2022-02-18,,,,,11.80,12,,,1,0,1,0,0,0
340,Parma vs Ternana,2.27,2.27,2.64,2.73,5,2,7,3,2022-02-18,,,,,9.91,17,,,1,0,1,1,0,0
341,Doncaster Rovers vs Sheffield Wednesday,2.38,2.75,2.38,3.13,0,4,0,5,2022-02-18,,,,,10.64,9,,,1,0,0,0,0,0
342,Crystal Palace vs Chelsea,2.25,2.00,3.00,3.42,3,3,1,1,2022-02-18,,,,,10.67,8,,,1,0,1,0,0,0
343,Brighton & Hove Albion vs Burnley,3.00,2.09,2.91,1.45,0,4,4,0,2022-02-18,,,,,9.45,8,,,0,0,0,0,0,0
344,Sporting Charleroi vs Union Saint-Gilloise,2.92,2.46,3.31,2.15,1,2,0,0,2022-02-18,,,,,10.84,3,,,1,0,0,0,0,0
345,St. Johnstone vs Hearts,2.77,1.83,2.62,3.00,1,3,5,2,2022-02-18,,,,,10.22,11,,,0,0,1,0,0,0
346,FC Cartagena vs Real Valladolid,2.23,2.08,3.62,2.23,3,0,4,2,2022-02-18,,,,,10.16,9,,,1,0,0,0,0,0
347,Hibernian vs Ross County,2.77,1.77,3.31,2.38,2,1,5,3,2022-02-18,,,,,10.23,11,,,0,0,1,0,0,0
348,Beşiktaş vs Altay,3.92,2.08,2.83,2.31,2,2,5,0,2022-02-18,,,,,11.14,9,,,1,0,0,0,0,0
349,Rotherham vs Wigan,3.53,2.79,3.07,2.57,4,0,2,1,2022-02-18,,,,,11.96,7,,,1,1,0,0,0,0
350,West Ham United vs Newcastle,2.75,2.20,3.25,2.40,2,4,1,3,2022-02-18,,,,,10.60,10,,,1,0,1,0,0,0
351,Southampton vs Everton,3.09,1.55,2.27,1.64,4,1,0,3,2022-02-18,,,,,8.55,8,,,0,0,0,0,0,0
352,Chesterfield vs Solihull Moors,3.08,3.00,3.33,3.25,2,2,2,2,2022-02-18,,,,,12.66,8,,,1,1,1,1,0,0
353,Kerala Blasters vs ATK Mohun Bagan,2.86,3.00,2.43,3.14,4,0,2,5,2022-02-18,,,,,11.43,11,,,1,0,0,0,0,0
354,Trnava vs Trencin,2.80,3.10,2.60,3.60,3,2,4,4,2022-02-18,,,,,12.10,13,,,1,1,1,1,0,0
355,Boavista FC vs Benfica,2.73,3.18,2.73,3.00,2,2,7,2,2022-02-18,,,,,11.64,13,,,1,1,1,1,0,0
356,Mainz 05 vs Bayer Leverkusen,2.55,2.55,2.91,2.82,1,2,5,0,2022-02-18,,,,,10.83,8,,,1,1,0,0,0,0
357,Wolfsburg vs Hoffenheim,2.91,2.00,2.18,3.36,2,0,3,2,2022-02-18,,,,,10.45,7,,,1,0,0,0,0,0
358,Augsburg vs Freiburg,2.60,2.18,3.00,2.82,5,0,1,4,2022-02-18,,,,,10.60,10,,,1,0,0,0,0,0
359,Munich 1860 vs Hallescher,3.67,2.62,3.17,2.69,1,3,3,2,2022-02-21,,,,,12.15,9,,,1,1,1,0,0,0
360,Bengaluru vs Odisha,2.22,2.63,2.33,3.00,2,0,0,2,2022-02-21,,,,,10.18,4,,,1,0,0,0,0,0
361,Jong Ajax vs Almere  City,2.69,2.85,1.69,3.23,2,1,1,1,2022-02-21,,,,,10.46,5,,,0,0,1,0,0,0
362,Celta de Vigo vs Levante UD,1.83,2.25,2.58,1.83,0,1,2,4,2022-02-21,,,,,8.49,7,,,0,0,0,0,0,0
363,Randers vs Viborg,3.00,2.75,2.78,3.13,1,5,2,1,2022-02-21,,,,,11.66,9,,,1,1,1,0,0,0
364,Charlton vs MK Dons,2.94,2.65,2.88,2.41,2,1,2,2,2022-02-22,,,,,10.88,7,,,1,0,1,0,0,0
365,Sunderland vs Burton Albion,3.19,2.63,3.38,2.25,5,3,4,1,2022-02-22,,,,,11.45,13,,,1,0,1,0,0,0
366,Wycombe vs Wigan,2.75,2.60,3.38,2.47,1,4,0,3,2022-02-22,,,,,11.20,8,,,1,0,0,0,0,0
367,Villarreal vs Juventus,3.00,2.00,2.92,2.54,2,0,2,0,2022-02-22,,,,,10.46,4,,,1,0,0,0,0,0
368,Partick Thistle vs Morton,2.82,2.31,3.91,2.31,3,0,6,1,2022-02-22,,,,,11.35,10,,,1,0,0,0,0,0
369,FC Schaffhausen vs Thun,2.30,2.30,2.10,3.30,4,4,1,5,2022-02-22,,,,,10.00,14,,,1,0,1,0,0,0
370,Bolton vs Lincon City,3.13,2.21,3.38,2.79,2,4,3,2,2022-02-22,,,,,11.51,11,,,1,0,1,1,0,0
371,Gent vs Seraing,4.08,2.00,3.31,2.00,2,3,1,5,2022-02-23,,,,,11.39,11,,,1,0,1,0,0,0
372,Burnley vs Spurs,2.70,1.45,2.60,3.09,2,2,1,5,2022-02-23,,,,,9.84,10,,,0,0,1,0,0,0
373,Liverpool vs Leeds,4.08,1.92,3.83,1.83,1,0,3,0,2022-02-23,,,,,11.66,4,,,0,0,0,0,0,0
374,Atl. Madrid vs Man Utd,2.92,2.85,3.75,2.62,2,2,6,1,2022-02-23,,,,,12.14,11,,,1,1,1,0,0,0
375,Benfica vs Ajax,2.36,3.18,4.64,3.64,3,0,4,2,2022-02-23,,,,,13.82,9,,,1,0,0,0,0,0
376,Lecce vs Cittadella,3.17,3.00,3.67,2.58,1,3,2,1,2022-02-23,,,,,12.42,7,,,1,1,1,0,0,0
377,Frosinone vs Reggina,4.17,1.83,2.92,2.33,3,0,2,0,2022-02-23,,,,,11.25,5,,,0,0,0,0,0,0
378,Arsenal vs Wolves,3.50,1.92,3.75,2.67,2,1,3,3,2022-02-24,,,,,11.84,9,,,0,0,1,0,0,0
379,Real Betis vs Zenit,2.00,3.00,2.62,1.78,2,3,5,5,2022-02-24,,,,,9.40,15,,,0,0,1,1,0,0
380,Dinamo Zagreb vs Sevilla FC,3.46,1.69,5.15,2.31,3,0,3,2,2022-02-24,,,,,12.61,8,,,0,0,0,0,0,0
381,Olympiakos Piraeus vs Atalanta,2.91,2.31,3.00,2.46,1,0,2,1,2022-02-24,,,,,10.68,4,,,1,0,0,0,0,0
382,Pogoń Szczecin vs Lech Poznań,4.10,3.27,3.60,4.18,1,1,1,1,2022-02-25,,,,,15.15,4,,,1,1,1,0,0,0
383,Plymouth Argyle vs Rotherham United,3.71,4.00,3.00,3.19,3,1,3,3,2022-02-25,,,,,13.90,10,,,1,1,1,0,0,0
384,Adelaide United vs Central Coast Mariners,3.40,1.67,4.60,2.83,2,2,2,4,2022-02-25,,,,,12.50,10,,,0,0,1,1,0,0
385,Eintracht Frankfurt vs Bayern München,3.36,3.64,3.64,3.09,1,5,1,3,2022-02-25,,,,,13.73,10,,,1,1,1,0,0,0
386,Piast Gliwice vs Górnik Zabrze,2.09,2.80,2.55,2.60,2,2,2,2,2022-02-25,,,,,10.04,8,,,1,0,1,1,0,0
387,Beerschot-Wilrijk vs Sporting Charleroi,2.86,1.57,3.50,2.21,1,2,3,1,2022-02-25,,,,,10.14,7,,,0,0,1,0,0,0
388,Crystal Palace vs Burnley,2.31,2.25,2.85,1.33,2,1,3,3,2022-02-25,,,,,8.74,9,,,0,0,1,0,0,0
389,Everton vs Manchester City,1.82,4.46,3.45,4.08,1,2,2,2,2022-02-25,,,,,13.81,7,,,0,0,1,0,0,0
390,FC Emmen vs Jong Ajax,3.55,2.15,2.73,2.85,4,0,2,6,2022-02-25,,,,,11.28,12,,,1,0,0,0,0,0
391,Jong AZ vs Eindhoven FC,2.54,2.77,2.77,3.08,3,3,2,0,2022-02-25,,,,,11.16,8,,,1,1,0,0,0,0
392,Sydney FC vs Melbourne City,2.57,2.83,2.71,3.50,4,2,1,1,2022-02-25,,,,,11.61,8,,,1,1,1,0,0,0
393,Leuven vs Anderlecht,2.69,2.50,2.15,3.00,4,2,1,2,2022-02-25,,,,,10.34,9,,,1,0,1,0,0,0
394,Chrudim vs Vlasim,2.86,3.00,3.57,2.63,3,3,3,1,2022-02-25,,,,,12.06,10,,,1,1,1,0,0,0
395,Brighton & Hove Albion vs A Villa,2.75,2.67,3.00,3.25,4,1,3,1,2022-02-25,,,,,11.67,9,,,1,1,1,0,0,0
396,Sheffield Wednesday vs Charlton,3.00,3.06,3.53,2.56,6,1,3,3,2022-02-25,,,,,12.15,13,,,1,1,1,0,0,0
397,Wigan vs Sunderland,3.20,2.82,2.87,2.65,0,3,2,3,2022-02-25,,,,,11.54,8,,,1,1,0,0,0,0
398,Zwickau vs Munich 1860,3.46,2.54,3.31,2.62,2,4,0,5,2022-02-25,,,,,11.93,11,,,1,1,0,0,0,0
399,Goa vs Mumbai City,3.88,2.57,2.63,2.86,3,2,7,3,2022-02-25,,,,,11.94,15,,,1,1,1,1,0,0
400,Dunfermline Athletic vs Kilmarnock,2.42,2.46,3.08,2.00,1,3,0,2,2022-02-25,,,,,9.96,6,,,1,0,0,0,0,0
401,Raith vs Partick Thistle,3.23,2.09,3.00,2.91,5,2,4,0,2022-02-25,,,,,11.23,11,,,1,0,0,0,0,0
402,Dun Streda vs Zilina,3.50,2.40,4.10,3.70,3,3,3,5,2022-02-25,,,,,13.70,14,,,1,0,1,1,0,0
403,Slovan Bratislava vs Trnava,3.00,3.20,3.80,2.90,2,1,3,2,2022-02-25,,,,,12.90,8,,,1,1,1,0,0,0
404,Hannover vs Kiel,2.55,1.82,3.09,2.55,3,3,1,5,2022-02-27,,,,,10.01,12,,,0,0,1,0,0,0
405,Hoffenheim vs Stuttgart,3.73,1.27,3.09,1.55,4,1,5,2,2022-02-27,,,,,9.64,12,,,0,0,1,0,0,0
406,St Liege vs Gent,2.62,3.29,3.23,2.43,1,2,1,3,2022-02-27,,,,,11.57,7,,,1,0,1,0,0,0
407,ATK Mohun Bagan vs Bengaluru FC,3.13,2.88,2.13,3.63,1,2,6,3,2022-02-27,,,,,11.77,12,,,1,0,1,0,0,0
408,Turkgucu Munchen vs Saarbrucken,3.00,2.38,2.00,2.31,5,0,3,0,2022-02-28,,,,,9.69,8,,,1,0,0,0,0,0
409,Kasimpasa vs Fenerbahce,2.69,2.31,3.85,2.00,6,0,2,4,2022-02-28,,,,,10.85,12,,,1,0,0,0,0,0
410,Portsmouth vs Oxford Utd,2.56,2.76,3.19,2.94,1,1,2,3,2022-03-01,,,,,11.45,7,,,1,1,1,0,0,0
411,Sheffield Wednesday vs Burton,3.19,2.65,3.50,2.18,3,0,5,1,2022-03-01,,,,,11.52,9,,,1,0,0,0,0,0
412,Shrewsbury vs Rotherham,2.56,3.82,3.13,3.18,1,3,5,4,2022-03-01,,,,,12.69,13,,,1,1,1,0,0,0
413,St. Liege vs Beerschot VA,2.50,2.00,3.07,3.08,1,1,0,2,2022-03-02,,,,,10.65,4,,,1,0,0,0,0,0
414,Kerala Blasters vs Mumbai City,3.00,2.50,2.44,2.88,3,2,1,6,2022-03-02,,,,,10.82,12,,,1,0,1,0,0,0
415,Frosinone vs Cosenza,4.08,2.15,2.85,2.62,3,3,1,1,2022-03-02,,,,,11.70,8,,,1,0,1,0,0,0
416,Lecce vs Ascoli,3.00,2.38,3.54,2.62,2,1,2,3,2022-03-02,,,,,11.54,8,,,1,0,1,0,0,0
417,Pisa vs Crotone,3.00,3.08,2.46,2.31,1,1,1,3,2022-03-02,,,,,10.85,6,,,1,0,1,0,0,0
418,SPAL vs Cittadella,2.38,3.00,3.46,2.46,4,3,1,1,2022-03-02,,,,,11.30,9,,,1,0,1,0,0,0
419,Dundee vs Hibs,3.46,2.31,2.23,2.54,3,4,0,4,2022-03-02,,,,,10.54,11,,,1,0,0,0,0,0
420,St. Johnstone vs Rangers,2.64,3.15,2.79,4.23,2,1,0,0,2022-03-02,,,,,12.81,3,,,1,1,0,0,0,0
421,Club Brugge vs Gent,3.40,3.20,3.73,2.47,6,0,2,2,2022-03-02,,,,,12.80,10,,,1,0,0,0,0,0
422,Graafschap vs Jong AZ,3.07,2.23,4.29,3.69,8,2,4,1,2022-03-04,,,,,13.28,15,,,1,0,1,0,0,0
423,Venlo vs FC Volendam,3.43,3.15,2.79,3.38,3,4,3,3,2022-03-04,,,,,12.75,13,,,1,1,1,1,0,0
424,WS Wanderers vs Sydney FC,4.29,4.14,1.86,3.43,2,0,1,5,2022-03-04,,,,,13.72,8,,,0,0,0,0,0,0
425,Cercles Brugge vs Genk,2.29,2.14,3.00,3.21,6,2,5,0,2022-03-04,,,,,10.64,13,,,1,0,0,0,0,0
426,Aston Villa vs Southampton,2.67,3.23,1.75,2.85,3,0,1,7,2022-03-04,,,,,10.50,11,,,0,0,0,0,0,0
427,Burnley vs Chelsea,2.58,2.08,2.58,3.23,5,2,0,0,2022-03-04,,,,,10.47,7,,,1,0,0,0,0,0
428,Liverpool vs West Ham United,3.85,2.31,3.77,2.92,3,4,1,2,2022-03-04,,,,,12.85,10,,,1,0,1,0,0,0
429,Charlton vs Sunderland,2.88,2.83,2.82,2.67,1,6,0,3,2022-03-04,,,,,11.20,10,,,1,1,0,0,0,0
430,Fleetwood vs Ipswich,2.19,2.50,3.13,3.06,1,2,2,2,2022-03-04,,,,,10.88,7,,,1,0,1,0,0,0
431,Lincoln City vs Sheffield Wednesday,2.94,2.82,2.33,3.24,5,5,3,2,2022-03-04,,,,,11.33,15,,,1,0,1,1,0,0
432,Oxford Utd vs Burton,3.17,2.50,3.72,2.11,7,3,3,4,2022-03-04,,,,,11.50,17,,,1,0,1,1,0,0
433,Magdeburg vs Hallescher,2.57,2.64,3.79,2.64,6,0,2,6,2022-03-04,,,,,11.64,14,,,1,1,0,0,0,0
434,Wehen Wiesbaden vs Wurzburger Kickers,2.79,3.14,2.93,1.36,4,3,4,2,2022-03-04,,,,,10.22,13,,,0,0,1,1,0,0
435,Cittadella vs Monza,2.23,2.69,2.69,3.23,6,2,6,0,2022-03-04,,,,,10.84,14,,,1,0,0,0,0,0
436,Cremonese vs Brescia,2.00,3.08,2.69,3.31,2,4,1,0,2022-03-04,,,,,11.08,7,,,1,0,0,0,0,0
437,Dundee Utd vs Hearts,2.64,2.07,2.36,3.29,1,1,1,4,2022-03-04,,,,,10.36,7,,,1,0,1,0,0,0
438,Kilmarnock vs Hamilton,3.62,3.23,2.38,3.54,2,0,2,1,2022-03-04,,,,,12.77,5,,,1,0,0,0,0,0
439,Michalovce vs Trencin,2.64,3.00,2.64,3.64,4,2,1,1,2022-03-04,,,,,11.92,8,,,1,1,1,0,0,0
440,Domzale vs Mura,3.42,2.73,2.75,4.18,3,6,4,1,2022-03-04,,,,,13.08,14,,,1,1,1,0,0,0
441,Wolfsberger vs LASK,3.20,4.00,2.70,3.60,1,3,2,6,2022-03-06,,,,,13.50,12,,,1,1,1,0,0,0
442,Man City vs Man Utd,3.92,2.85,5.15,2.62,3,2,6,1,2022-03-06,,,,,14.54,12,,,1,1,1,0,0,0
443,Mannheim vs Braunschweig,3.21,3.15,3.57,3.38,3,1,1,3,2022-03-06,,,,,13.31,8,,,1,1,1,0,0,0
444,Goa vs Kerala Blasters,3.78,2.11,3.11,3.33,2,4,0,2,2022-03-06,,,,,12.33,8,,,1,0,0,0,0,0
445,Zilina vs Slovan Bratislavia,2.64,3.45,4.36,3.09,2,1,4,2,2022-03-06,,,,,13.54,9,,,1,1,1,0,0,0
446,ATK Mohun Bagan vs Jamshedpur,2.89,3.22,2.56,2.33,3,0,3,2,2022-03-07,,,,,11.00,8,,,1,0,0,0,0,0
447,Jong Utrecht vs Almere City,2.93,2.71,3.29,3.07,1,6,1,2,2022-03-07,,,,,12.00,10,,,1,1,1,0,0,0
448,Wrexham vs Boreham Wood,3.85,3.17,3.08,1.67,4,3,6,1,2022-03-08,,,,,11.77,14,,,0,0,1,0,0,0
449,Líšeň vs Vyškov,3.71,1.50,3.14,3.38,5,2,2,4,2022-03-08,,,,,11.73,13,,,0,0,1,1,0,0
450,Real Madrid vs PSG,3.29,2.36,3.14,2.57,2,1,3,1,2022-03-09,,,,,11.36,7,,,1,0,1,0,0,0
451,Manchester City vs Sporting CP,3.86,3.00,5.21,2.33,2,0,5,2,2022-03-09,,,,,14.40,9,,,1,0,0,0,0,0
452,Southampton vs Newcastle,3.54,2.42,2.31,2.50,4,2,8,3,2022-03-10,,,,,10.77,17,,,1,0,1,1,0,0
453,Leeds vs Aston Villa,2.46,2.54,3.00,3.08,4,4,2,1,2022-03-10,,,,,11.08,11,,,1,0,1,0,0,0
454,Atalanta vs Bayer Leverkusen,2.77,2.38,3.38,2.46,2,1,6,0,2022-03-10,,,,,10.99,9,,,1,0,0,0,0,0
455,Leuven vs Royale Union SG,2.79,2.53,2.07,2.53,0,5,5,2,2022-03-11,,,,,9.92,12,,,1,0,0,0,0,0
456,Jihlava vs Brno,3.57,2.13,3.29,2.50,1,1,5,2,2022-03-11,,,,,11.49,9,,,1,0,1,0,0,0
457,Viktoria Berlin vs Munich 1860,2.54,2.64,2.15,2.79,4,2,0,9,2022-03-11,,,,,10.12,15,,,1,0,0,0,0,0
458,Parma vs Cittadella,2.71,3.00,3.36,2.36,2,2,2,0,2022-03-11,,,,,11.43,6,,,1,0,0,0,0,0
459,Breda vs Graafschap,2.93,2.77,3.14,3.00,5,2,2,2,2022-03-11,,,,,11.84,11,,,1,1,1,1,0,0
460,FC Emmen vs Jong Utrecht,3.62,2.79,2.92,3.14,4,0,3,1,2022-03-11,,,,,12.47,8,,,1,1,0,0,0,0
461,Oss vs Roda,2.57,3.00,2.14,2.43,3,3,2,3,2022-03-11,,,,,10.14,11,,,1,0,1,1,0,0
462,Vissel Kobe vs Kashima Antlers,3.00,3.00,2.00,7.00,3,3,4,2,2022-03-11,,,,,15.00,12,,,1,0,1,1,0,0
463,Ulsan Hyundai vs FS Seoul,3.50,2.00,3.00,3.50,3,0,1,2,2022-03-11,,,,,12.00,6,,,1,0,0,0,0,0
464,Western United vs Melbourne City,2.63,2.71,1.88,3.14,2,4,1,7,2022-03-12,,,,,10.36,14,,,0,0,1,0,0,0
465,Perth Glory vs Sydney FC,2.20,3.63,2.60,3.63,3,3,2,0,2022-03-12,,,,,12.06,8,,,1,0,0,0,0,0
466,Macarthur FC vs WS Wanderers,3.33,2.33,2.67,3.67,3,3,1,6,2022-03-12,,,,,12.00,13,,,1,0,1,0,0,0
467,Oostende vs Club Brugge,2.73,3.53,3.20,2.20,1,3,5,1,2022-03-12,,,,,11.66,10,,,1,0,1,0,0,0
468,Chrudim vs Dukla Prague,2.88,2.00,3.50,2.63,3,0,5,2,2022-03-12,,,,,11.01,10,,,1,0,0,0,0,0
469,Lisen vs Vlasim,3.88,3.00,3.00,2.44,2,3,3,1,2022-03-12,,,,,12.32,9,,,1,0,1,0,0,0
470,Brighton vs Liverpool,2.85,4.38,3.00,3.46,1,3,6,2,2022-03-12,,,,,13.69,12,,,1,1,1,0,0,0
471,Accrington Stanley vs Charlton,2.33,2.94,2.67,2.59,1,3,1,3,2022-03-12,,,,,10.53,8,,,1,0,1,0,0,0
472,Shrewsbury vs Oxford Utd,2.47,2.67,3.24,2.94,3,0,5,0,2022-03-12,,,,,11.32,8,,,1,0,0,0,0,0
473,Wycombe vs Rotherham,2.67,3.78,3.11,3.22,2,2,0,0,2022-03-12,,,,,12.78,4,,,1,1,0,0,0,0
474,Viktoria Koln vs Wehen Wiesbaden,2.43,3.64,3.29,2.21,2,3,7,2,2022-03-12,,,,,11.57,14,,,1,0,1,1,0,0
475,Hyderabad vs ATK Mohun Bagan,2.00,2.70,2.80,3.70,2,0,3,9,2022-03-12,,,,,11.20,14,,,1,0,0,0,0,0
476,Lecce vs Brescia,2.93,3.14,3.43,3.07,4,2,5,2,2022-03-12,,,,,12.57,13,,,1,1,1,1,0,0
477,Spal vs Ascoli,2.50,2.29,3.29,2.64,3,3,0,3,2022-03-12,,,,,10.72,9,,,1,0,0,0,0,0
478,Sered vs Zilina,3.27,2.45,3.64,3.82,2,4,1,3,2022-03-12,,,,,13.18,10,,,1,0,1,0,0,0
479,Jamshedpur vs Kerala Blasters,2.20,2.30,2.30,3.20,4,2,1,1,2022-03-12,,,,,10.00,8,,,1,0,1,0,0,0
480,Adelaide United vs Newcastle Jets,3.17,2.86,4.17,1.86,4,0,4,3,2022-03-12,,,,,12.06,11,,,0,0,0,0,0,0
481,LASK vs Tirol,2.91,2.27,3.00,2.55,2,0,4,1,2022-03-12,,,,,10.73,7,,,1,0,0,0,0,0
482,Anderlecht vs Antwerp,2.87,2.40,3.13,2.60,3,2,3,1,2022-03-12,,,,,11.00,9,,,1,0,1,0,0,0
483,Beerschot VA vs Gent,2.73,3.20,3.47,2.47,2,1,4,1,2022-03-12,,,,,11.87,8,,,1,0,1,0,0,0
484,West Ham United vs Aston Villa,2.64,2.64,2.93,2.93,3,3,2,4,2022-03-12,,,,,11.14,12,,,1,1,1,1,0,0
485,Arsenal vs Leicester,3.38,2.00,3.69,3.50,1,5,1,1,2022-03-12,,,,,12.57,8,,,1,0,1,0,0,0
486,Zwickau vs Osnabruck,3.36,2.71,3.07,3.36,2,5,2,3,2022-03-12,,,,,12.50,12,,,1,1,1,1,0,0
487,Wisla vs Lech,3.64,3.08,2.73,3.92,4,2,8,8,2022-03-12,,,,,13.37,22,,,1,1,1,1,0,0
488,Dun. Streda vs Trnava,3.45,3.00,4.00,2.82,1,4,0,5,2022-03-12,,,,,13.27,10,,,1,1,0,0,0,0
489,Maribor vs Mura,2.75,3.00,2.67,3.92,4,1,3,0,2022-03-12,,,,,12.34,8,,,1,1,0,0,0,0
490,FC Emmen vs FC Volendam,3.64,3.21,2.93,3.36,1,0,3,1,2022-03-13,,,,,13.14,5,,,1,1,0,0,0,0
491,Roda vs Graafschap,3.64,2.93,3.50,2.93,1,2,2,2,2022-03-13,,,,,13.00,7,,,1,1,1,0,0,0
492,Trinec vs Chrudim,3.25,2.75,2.13,2.38,3,3,2,0,2022-03-13,,,,,10.51,8,,,1,0,0,0,0,0
493,Sheffield Wednesday vs Accrington ,3.28,2.71,3.44,2.88,3,0,4,1,2022-03-13,,,,,12.31,8,,,1,1,0,0,0,0
494,Crotone vs Frosinone,3.00,3.07,3.21,3.07,1,4,2,2,2022-03-13,,,,,12.35,9,,,1,1,1,0,0,0
495,Alessandria vs Monza ,3.14,2.64,4.14,3.00,1,1,3,2,2022-03-13,,,,,12.92,7,,,1,1,1,0,0,0
496,Adelaide United vs WS Wanderers ,3.29,2.43,4.14,4.00,3,1,3,1,2022-03-13,,,,,13.86,8,,,1,0,1,0,0,0
497,Arsenal vs Liverpool ,3.21,4.29,3.50,3.36,0,4,1,2,2022-03-13,,,,,14.36,7,,,1,1,0,0,0,0
498,Everton vs Newcastle ,2.00,2.29,3.08,2.43,2,5,3,2,2022-03-13,,,,,9.80,12,,,1,0,1,1,0,0
499,Sydney FC vs Western Utd,2.75,2.71,2.50,3.00,3,1,5,6,2022-03-18,,,,,10.96,15,,,1,1,1,0,0,0
500,Royal Union SG vs Oostende,2.87,2.47,3.53,2.80,3,1,6,0,2022-03-18,,,,,11.67,10,,,1,0,0,0,0,0
501,Chrudim vs Opava,2.89,3.11,3.67,3.33,2,0,2,4,2022-03-18,,,,,13.00,8,,,1,1,0,0,0,0
502,Dukla Prague vs Mas Taborsko,3.63,2.75,2.75,2.38,0,7,3,1,2022-03-18,,,,,11.51,11,,,1,0,0,0,0,0
503,Yokohama M vs Sagan Tosu,3.00,3.00,2.75,3.50,2,1,0,4,2022-03-18,,,,,12.25,7,,,1,1,0,0,0,0
504,Partick Thistle vs Hamilton,2.50,3.00,3.79,3.36,0,0,2,3,2022-03-18,,,,,12.65,5,,,1,1,0,0,0,0
505,Lincoln vs Sunderland,3.05,3.00,2.37,2.68,3,2,4,7,2022-03-18,,,,,11.10,16,,,1,0,1,1,0,0
506,Oxford Utd vs Ipswich,3.37,2.47,3.68,3.00,4,3,1,1,2022-03-18,,,,,12.52,9,,,1,0,1,0,0,0
507,Plymouth Argyle vs Accrington,3.44,2.56,3.06,2.78,1,6,5,3,2022-03-18,,,,,11.84,15,,,1,1,1,0,0,0
508,Monza vs Crotone,3.27,2.80,2.80,2.20,1,1,1,1,2022-03-18,,,,,11.07,4,,,1,0,1,0,0,0
509,Wolfsberger vs Salzburg,2.83,3.00,2.64,3.82,2,1,1,2,2022-03-19,,,,,12.29,6,,,1,1,1,0,0,0
510,Club Brugge vs Genk,3.40,2.13,3.73,3.00,4,1,6,5,2022-03-19,,,,,12.26,16,,,1,0,1,0,0,0
511,Gent vs Anderlecht,3.73,2.47,3.53,2.93,2,3,2,2,2022-03-19,,,,,12.66,9,,,1,0,1,1,0,0
512,Tottenham vs West Ham United,2.54,2.43,3.38,2.86,3,2,2,1,2022-03-19,,,,,11.21,8,,,1,0,1,0,0,0
513,Mannheim vs Munich 1860,3.20,2.60,3.40,3.20,3,0,2,4,2022-03-19,,,,,12.40,9,,,1,1,0,0,0,0
514,O. Ljubljana vs Domzale,3.00,2.85,3.15,2.08,2,3,2,4,2022-03-19,,,,,11.08,11,,,1,0,1,1,0,0
515,WS Wanderers vs Adelaide United,4.00,2.70,1.75,2.20,2,5,4,5,2022-03-19,,,,,10.65,16,,,0,0,1,1,0,0
516,Grimsby vs Solihull Moors,3.06,2.79,2.56,3.14,1,3,2,1,2022-03-22,,,,,11.55,7,,,1,1,1,0,0,0
517,Newcastle Jets vs Sydney FC,2.75,3.56,2.63,3.56,1,3,2,2,2022-03-25,,,,,12.50,8,,,1,1,1,0,0,0
518,Macarthur FC vs Melbourne City,3.29,2.56,2.43,3.44,1,3,3,3,2022-03-25,,,,,11.72,10,,,1,0,1,0,0,0
519,Osnabruck vs Braunschweig ,3.33,3.00,3.93,3.27,3,3,4,3,2022-03-25,,,,,13.53,13,,,1,1,1,1,0,0
520,Beerschot vs Club Brugge,2.69,3.50,3.50,2.13,1,2,1,3,2022-04-01,,,,,11.82,7,,,1,0,1,0,0,0
521,Avispa Fukuoka vs Sagan Tosu,2.50,2.33,3.00,3.67,2,2,4,1,2022-04-01,,,,,11.50,9,,,1,0,1,0,0,0
522,NAC Breda vs Ajax II,3.07,2.07,3.07,3.20,0,0,4,4,2022-04-01,,,,,11.41,8,,,1,0,0,0,0,0
523,Roda JC vs Utrecht II,3.47,2.60,3.40,3.00,3,2,2,1,2022-04-01,,,,,12.47,8,,,1,1,1,0,0,0
524,Volendam vs TOP Oss,3.07,2.00,3.07,3.53,3,2,3,1,2022-04-01,,,,,11.67,9,,,1,0,1,0,0,0
525,Slask Wroclaw vs Lech Poznań,2.50,3.00,2.50,4.23,2,1,2,2,2022-04-01,,,,,12.23,7,,,1,1,1,0,0,0
526,Dukla Praha vs Líšeň,3.22,2.40,2.78,2.60,3,0,2,1,2022-04-01,,,,,11.00,6,,,1,0,0,0,0,0
527,Leeds United vs Southampton,2.40,3.00,2.93,3.14,2,5,2,2,2022-04-01,,,,,11.47,11,,,1,0,1,1,0,0
528,Plymouth Argyle vs Oxford United,3.40,2.53,3.00,2.79,0,2,1,1,2022-04-01,,,,,11.72,4,,,1,1,0,0,0,0
529,Viktoria Köln vs Borussia Dortmund II,2.40,2.07,3.53,3.67,4,2,2,1,2022-04-01,,,,,11.67,9,,,1,0,1,0,0,0
530,Lecce vs Frosinone,3.00,3.13,3.53,3.00,2,0,3,1,2022-04-01,,,,,12.66,6,,,1,1,0,0,0,0
531,Cittadella vs Ternana,2.60,2.47,2.87,2.87,4,3,2,1,2022-04-01,,,,,10.81,10,,,1,0,1,0,0,0
532,Benevento vs Pisa,3.13,2.73,2.60,3.20,2,9,2,3,2022-04-01,,,,,11.66,16,,,1,1,1,1,0,0
533,Yokohama F. Marinos vs Tokyo,2.80,6.00,2.20,3.33,1,1,6,2,2022-04-01,,,,,14.33,10,,,1,0,1,0,0,0
534,Warta Poznań vs Rakow Czestochowa,2.46,2.54,3.08,3.46,1,6,3,1,2022-04-01,,,,,11.54,11,,,1,0,1,0,0,0
535,Legia Warsaw vs Lechia Gdańsk,2.69,3.69,3.62,3.00,3,1,1,8,2022-04-01,,,,,13.00,13,,,1,1,1,0,0,0
536,Domzale vs Maribor,3.21,2.07,2.64,3.07,5,1,8,1,2022-04-01,,,,,10.99,15,,,1,0,1,0,0,0
537,Partick Thistle vs Arbroath,2.33,3.07,3.67,3.00,1,1,2,1,2022-04-01,,,,,12.07,5,,,1,0,1,0,0,0
538,Standard Liège vs Union Saint-Gilloise,2.31,2.69,2.81,2.50,3,3,1,4,2022-04-01,,,,,10.31,11,,,1,0,1,0,0,0
539,Cercle Brugge vs Gent,2.63,3.06,3.06,2.38,5,3,2,1,2022-04-01,,,,,11.13,11,,,1,0,1,0,0,0
540,Zwickau vs Waldhof Mannheim,3.27,2.07,3.00,3.53,5,3,3,2,2022-04-01,,,,,11.87,13,,,1,0,1,1,0,0
541,Rangers vs Celtic,4.44,4.38,4.56,4.38,2,2,2,2,2022-04-01,,,,,17.76,8,,,1,1,1,1,0,0
542,Spartak Trnava vs Slovan Bratislava,2.92,3.25,2.92,3.00,2,0,6,0,2022-04-01,,,,,12.09,8,,,1,1,0,0,0,0
543,Wisla Plock vs Gornik Z.,3.62,2.58,3.08,2.50,1,2,2,11,2022-04-04,,,,,11.78,16,,,1,1,1,0,0,0
544,AZ II vs Roda JC,2.38,3.00,2.63,2.63,0,2,1,9,2022-04-04,,,,,10.64,12,,,1,0,0,0,0,0
545,Utrecht II vs NAC Breda,2.81,2.06,3.25,3.75,2,0,3,3,2022-04-04,,,,,11.87,8,,,1,0,0,0,0,0
546,Benfica vs Liverpool,2.93,4.29,4.07,3.27,1,2,1,4,2022-04-04,,,,,14.56,8,,,1,1,1,0,0,0
547,Mas Taborsko vs Sparta Prague B,2.80,2.80,2.90,3.50,2,1,4,4,2022-04-04,,,,,12.00,11,,,1,1,1,0,0,0
548,Wigan Athletic vs Accrington Stanley,3.35,2.75,2.75,2.79,3,1,2,1,2022-04-04,,,,,11.64,7,,,1,1,1,0,0,0
549,Bolton Wanderers vs Portsmouth,3.11,2.32,3.63,2.58,0,1,1,2,2022-04-04,,,,,11.64,4,,,1,0,0,0,0,0
550,Villarreal vs Bayern,3.13,3.79,3.00,3.07,2,0,1,6,2022-04-06,,,,,12.99,9,,,1,1,0,0,0,0
551,Táborsko vs Opava,2.73,2.80,3.00,3.40,3,1,3,1,2022-04-08,,,,,11.93,8,,,1,1,1,0,0,0
552,Volendam vs De Graafschap,3.06,2.81,3.06,2.75,1,1,1,10,2022-04-08,,,,,11.68,13,,,1,1,1,0,0,0
553,Melbourne Victory vs Melbourne City,2.70,2.55,2.80,3.36,2,3,5,1,2022-04-08,,,,,11.41,11,,,1,1,1,0,0,0
554,AS Eupen vs KV Oostende,2.56,2.38,3.31,2.63,2,2,3,1,2022-04-08,,,,,10.88,8,,,1,0,1,0,0,0
555,Southampton vs Chelsea,3.53,2.40,3.07,2.87,2,2,0,1,2022-04-08,,,,,11.87,5,,,1,0,0,0,0,0
556,Bolton Wanderers vs Sheffield Wednesday,2.95,2.89,3.50,3.11,1,4,3,5,2022-04-08,,,,,12.45,13,,,1,1,1,0,0,0
557,Cheltenham Town vs Portsmouth,2.65,2.25,2.75,2.55,2,6,5,3,2022-04-08,,,,,10.20,16,,,1,0,1,1,0,0
558,Fleetwood Town vs Accrington Stanley,2.00,2.65,3.16,2.70,2,4,3,5,2022-04-08,,,,,10.51,14,,,1,0,1,1,0,0
559,Lincoln City vs Wigan Athletic,3.05,2.61,2.45,2.50,5,5,0,3,2022-04-08,,,,,10.61,13,,,1,0,0,0,0,0
560,Oxford United vs Sunderland,3.40,2.95,3.55,2.90,2,0,3,4,2022-04-08,,,,,12.80,9,,,1,1,0,0,0,0
561,Shrewsbury Town vs Ipswich Town,2.45,2.50,3.20,2.90,1,3,2,0,2022-04-08,,,,,11.05,6,,,1,0,0,0,0,0
562,Saarbrücken vs Waldhof Mannheim,2.47,2.20,3.53,3.07,1,5,4,3,2022-04-08,,,,,11.27,13,,,1,0,1,0,0,0
563,Wehen Wiesbaden vs Eintracht Braunschweig,2.87,3.00,3.00,3.25,4,2,5,4,2022-04-08,,,,,12.12,15,,,1,1,1,1,0,0
564,Lech Poznań vs Legia Warsaw,2.38,3.69,3.85,3.46,3,0,3,2,2022-04-08,,,,,13.38,8,,,1,0,0,0,0,0
565,Manchester City vs Liverpool,3.86,4.27,5.21,3.27,4,0,0,1,2022-04-08,,,,,16.61,5,,,1,1,0,0,0,0
566,Havelse vs Zwickau,2.47,2.20,2.40,3.20,1,4,4,6,2022-04-08,,,,,10.27,15,,,1,0,1,0,0,0
567,Crotone vs Ternana,2.75,2.50,3.25,2.75,3,0,4,3,2022-04-08,,,,,11.25,10,,,1,1,0,0,0,0
568,Perugia vs Pisa,2.81,3.13,2.69,3.19,9,1,4,2,2022-04-08,,,,,11.82,16,,,1,1,1,0,0,0
569,Wisła Kraków vs Górnik Zabrze,3.62,2.54,3.08,3.15,3,7,2,1,2022-04-08,,,,,12.39,13,,,1,1,1,0,0,0
570,Burton Albion vs Wigan Athletic,2.85,2.75,3.45,2.53,2,1,3,3,2022-04-12,,,,,11.58,9,,,1,1,1,0,0,0
571,Portsmouth vs Rotherham United,2.37,3.68,3.05,3.05,2,0,3,4,2022-04-12,,,,,12.15,9,,,1,0,0,0,0,0
572,Vlasim vs Sparta Prague B,2.50,2.64,3.20,3.55,2,3,1,3,2022-04-12,,,,,11.89,9,,,1,1,1,0,0,0
573,Kilmarnock vs Arbroath,3.24,2.76,2.76,2.76,4,4,7,0,2022-04-22,,,,,11.52,15,,,1,1,0,0,0,0
574,Emmen vs Roda JC,3.24,2.94,2.94,3.00,3,4,1,1,2022-04-22,,,,,12.12,9,,,1,1,1,0,0,0
575,Vysočina Jihlava vs Prostějov,3.67,2.45,3.58,2.73,6,1,5,0,2022-04-22,,,,,12.43,12,,,1,0,0,0,0,0
576,Arsenal vs Manchester United,3.06,2.63,3.56,2.56,1,5,0,2,2022-04-22,,,,,11.81,8,,,1,1,0,0,0,0
577,Wycombe Wanderers vs Sheffield Wednesday,2.77,2.90,2.91,3.05,2,6,0,6,2022-04-22,,,,,11.63,14,,,1,1,0,0,0,0
578,Brighton & Hove Albion vs Southampton,2.81,3.13,3.44,3.31,4,3,2,3,2022-04-22,,,,,12.69,12,,,1,1,1,1,0,0
579,ADO Den Haag vs Utrecht II,2.76,2.53,2.76,2.82,2,2,4,1,2022-04-22,,,,,10.87,9,,,1,1,1,0,0,0
580,Pogon Szczecin vs Legia Warsaw,3.67,3.43,3.67,3.36,2,4,1,3,2022-04-22,,,,,14.13,10,,,1,1,1,0,0,0
581,DAC 1904 vs Slovan Bratislava,2.86,2.79,3.36,2.86,0,0,0,3,2022-04-22,,,,,11.87,3,,,1,1,0,0,0,0
582,Koper vs Olimpija,3.00,2.80,2.93,4.07,4,2,1,0,2022-04-22,,,,,12.80,7,,,1,1,0,0,0,0
583,Union Saint-Gilloise vs Anderlecht,2.88,2.41,3.69,2.82,2,3,1,0,2022-04-22,,,,,11.80,6,,,1,0,0,0,0,0
584,Benevento vs Ternana,3.18,2.35,2.59,2.76,5,3,7,1,2022-04-25,2.47,3.41,2.53,2.71,10.88,16,11.12,,1,0,1,0,0,0
585,Sassuolo vs Juventus,2.63,1.88,3.31,2.25,4,2,2,2,2022-04-25,2.63,3.38,2.56,2.19,10.07,10,10.76,,0,0,1,1,0,0
586,Brescia vs SPAL,2.71,1.88,3.71,2.71,2,1,5,5,2022-04-25,3.18,2.76,2.29,2.53,11.01,13,10.76,,0,0,1,0,0,0
587,Lecce vs Pisa,3.06,3.00,3.35,3.12,3,1,2,1,2022-04-25,1.94,3.24,1.59,2.59,12.53,7,9.36,,1,1,1,0,0,0
588,Manchester City vs Real Madrid,3.94,2.12,4.82,2.94,2,3,3,0,2022-04-26,1.44,2.06,2,1.88,13.82,8,7.38,,1,0,0,0,0,0
589,Portsmouth vs Wigan Athletic,2.27,2.57,3.09,2.48,3,3,2,4,2022-04-26,2.14,2.33,2.68,1.52,10.41,12,8.67,,1,0,1,1,0,0
590,Ried vs Admira,1.64,1.86,1.86,1.71,3,4,1,4,2022-04-26,2.57,3,3.14,2.43,7.07,12,11.14,,0,0,1,0,0,0
591,Exeter City vs Barrow,2.67,2.48,3.38,2.86,5,1,2,2,2022-04-26,2.1,2.38,2,2.57,11.39,10,9.05,,1,0,1,0,0,0
592,Liverpool vs Villarreal,3.94,2.38,3.94,2.50,6,1,4,1,2022-04-27,1.38,2.94,2,3.31,12.76,12,9.63,,1,0,1,0,0,0
593,Middlesbrough vs Cardiff City,3.14,1.57,3.52,2.19,4,1,5,3,2022-04-27,1.38,2.62,2.86,3.05,10.42,13,9.91,,0,0,1,0,0,0
594,Fiorentina vs Udinese,2.50,2.50,2.31,2.81,5,1,9,1,2022-04-27,1.13,3.19,1.56,2.38,10.12,16,8.26,,1,0,1,0,0,0
595,Bologna vs Inter Milan,2.59,2.56,3.06,3.44,0,1,0,6,2022-04-27,1.53,2.31,1.18,2.25,11.65,7,7.27,,1,1,0,0,0,0
596,Feyenoord vs Marseille,2.67,2.76,4.13,2.65,5,0,1,5,2022-04-28,1.13,1.88,1.33,2.18,12.21,11,6.52,,1,1,0,0,0,0
597,Lillestrøm vs Aalesund,3.50,1.50,4.00,1.00,5,3,0,4,2022-04-28,3,2.5,3.5,8.5,10.00,12,17.50,,0,0,0,0,0,0
598,West Ham United United vs Eintracht Frankfurt,2.76,2.27,3.00,2.33,3,3,5,0,2022-04-28,2.29,2.33,2.41,3.07,10.36,11,10.10,,1,0,0,0,0,0
599,Manchester United vs Chelsea,2.59,2.38,2.71,2.75,1,2,1,7,2022-04-28,2.35,2.5,2.41,2.19,10.43,11,9.45,,1,0,1,0,0,0
600,Leicester City vs Roma,2.00,2.76,2.63,3.29,7,0,4,1,2022-04-28,2.88,1.65,3.06,1.59,10.68,12,9.18,,1,0,0,0,0,0
601,RB Leipzig vs Rangers,1.88,2.71,2.44,3.88,0,1,1,1,2022-04-28,1.56,2.53,1.19,2.24,10.91,3,7.52,,0,0,0,0,0,0
602,Dordrecht vs Volendam,2.17,2.89,2.39,3.22,2,0,2,8,2022-04-29,3.11,2.06,3.67,2.56,10.67,12,11.40,,1,0,0,0,0,0
603,Telstar vs Utrecht II,2.17,2.50,3.50,2.72,4,0,3,2,2022-04-29,2.39,2.67,2.5,3.33,10.89,9,10.89,,1,0,0,0,0,0
604,Górnik Zabrze vs Radomiak Radom,2.13,2.73,2.60,3.13,3,1,2,2,2022-04-29,2.6,3.13,2.8,3.27,10.59,8,11.80,,1,0,1,0,0,0
605,Celje vs Mura,2.63,2.69,2.31,3.31,1,4,2,4,2022-04-29,2.69,2.63,2.38,2.44,10.94,11,10.14,,1,0,1,0,0,0
606,Sporting Charleroi vs Gent,2.82,3.06,3.00,2.29,3,2,3,2,2022-04-29,2.65,2.41,2.29,2.59,11.17,10,9.94,,1,0,1,1,0,0
607,Dukla Praha vs Sparta Praha II,3.31,2.85,2.69,3.46,1,1,4,7,2022-04-29,2.92,2.23,2.23,3.38,12.31,13,10.76,,1,1,1,0,0,0
608,Morecambe vs Sunderland,2.23,2.77,2.77,2.86,2,0,2,3,2022-04-29,2.73,2.09,3.14,3.18,10.63,7,11.14,,1,0,0,0,0,0
609,Cremonese vs Ascoli,2.44,2.22,2.17,2.56,6,2,1,1,2022-04-29,2.39,3.17,2.61,2.61,9.39,10,10.78,,1,0,1,0,0,0
610,Stal Mielec vs Legia Warsaw,2.60,3.47,2.60,3.33,3,1,2,1,2022-04-29,2.33,2.6,4.4,2.13,12.00,7,11.46,,1,1,1,0,0,0
611,St. Johnstone vs St. Mirren,2.35,2.12,2.47,2.24,2,2,4,3,2022-04-29,3.12,2.88,2.65,3.71,9.18,11,12.36,,1,0,1,1,0,0
612,Dundee United vs Motherwell,2.35,2.00,2.24,2.44,4,0,4,4,2022-04-29,2.71,3.88,3.41,3.31,9.03,12,13.31,,1,0,0,0,0,0
613,Celtic vs Rangers,5.00,2.71,5.44,3.88,2,2,0,5,2022-04-29,1.06,2.53,1.19,2.24,17.03,9,7.02,,1,1,0,0,0,0
614,Tottenham Hotspur vs Leicester City,2.63,2.06,2.88,3.31,5,1,1,2,2022-04-29,2,3.05,3,2.88,10.88,9,10.93,,1,0,1,0,0,0
615,Antwerp vs Union Saint-Gilloise,3.18,2.71,2.88,2.59,5,0,5,2,2022-04-29,2.88,2.06,2.47,3.06,11.36,12,10.47,,1,1,0,0,0,0
616,Sevilla vs Cadiz,2.75,1.69,2.44,1.94,3,5,2,1,2022-04-29,1.75,2.5,2.31,2.81,8.82,11,9.37,,0,0,1,0,0,0
617,Wycombe Wanderers vs Milton Keynes Dons,2.74,2.48,2.78,2.61,2,1,4,0,2022-05-05,1.91,2.09,2.48,2.57,10.61,7,9.05,,1,0,0,0,0,0
618,Eintracht Frankfurt vs West Ham United United,3.38,2.35,3.38,2.59,2,4,3,4,2022-05-05,1.81,2.53,2.5,2.76,11.70,13,9.60,,1,0,1,1,0,0
619,Rangers vs RB Leipzig,4.29,1.81,4.41,3.31,2,1,2,2,2022-05-05,1.12,2,1.65,2.94,13.82,7,7.71,,0,0,1,0,0,0
620,Roma vs Leicester City,2.89,2.00,3.00,3.24,5,2,3,5,2022-05-05,2.11,3.35,1.61,2.76,11.13,15,9.83,,1,0,1,1,0,0
621,Marseille vs Feyenoord,2.33,3.56,3.72,3.69,2,1,2,1,2022-05-05,2.17,2.13,1.94,2.94,13.30,6,9.18,,1,0,1,0,0,0
622,Sporting Charleroi vs Genk,2.83,2.17,3.00,3.06,1,3,3,2,2022-05-06,2.61,2.56,2.28,2.56,11.06,9,10.01,,1,0,1,0,0,0
623,Sparta Praha II vs Opava,2.77,2.54,3.08,3.23,5,2,1,5,2022-05-06,2.85,3,3.62,2.15,11.62,13,11.62,,1,1,1,0,0,0
624,Alessandria vs Vicenza,2.83,2.11,3.56,2.50,1,2,3,1,2022-05-06,2,2.89,3.39,3.11,11.00,7,11.39,,1,0,1,0,0,0
625,Almere City vs AZ II,2.44,2.11,3.06,3.11,3,3,3,0,2022-05-06,2.94,3,2.56,3.17,10.72,9,11.67,,1,0,0,0,0,0
626,Excelsior vs NAC Breda,2.89,2.00,2.56,3.50,3,2,2,6,2022-05-06,2.28,2.67,2.89,2.39,10.95,13,10.23,,1,0,1,1,0,0
627,Utrecht II vs VVV,2.72,2.56,3.11,2.33,3,4,6,1,2022-05-06,2.78,3.17,2.11,3.11,10.72,14,11.17,,1,0,1,0,0,0
628,Volendam vs Eindhoven,3.06,2.67,3.00,2.72,3,5,2,2,2022-05-06,2.28,2.56,3.39,2.83,11.45,12,11.06,,1,1,1,1,0,0
629,Radomiak Radom vs Zagłębie Lubin,3.00,2.27,3.07,2.67,1,1,3,0,2022-05-06,2.33,3,2.27,3.87,11.01,5,11.47,,1,0,0,0,0,0
630,Central Coast Mariners vs Newcastle Jets,2.25,2.42,3.58,2.50,2,0,3,8,2022-05-06,3.08,3.25,3.17,2.58,10.75,13,12.08,,1,0,0,0,0,0
631,Admira vs WSG Tirol,2.00,2.14,2.86,2.36,4,1,2,1,2022-05-06,2.57,2.43,2.64,2.57,9.36,8,10.21,,1,0,1,0,0,0
632,Příbram vs Líšeň,2.00,2.08,2.77,2.46,2,7,2,3,2022-05-06,2.85,2.77,2.77,3.69,9.31,14,12.08,,1,0,1,1,0,0
633,MSV Duisburg vs Freiburg II,2.12,2.47,3.12,2.76,2,0,1,2,2022-05-06,2.12,2.41,2.47,2.59,10.47,5,9.59,,1,0,0,0,0,0
634,Havelse vs Osnabrück,2.24,2.71,2.41,3.29,2,5,5,4,2022-05-06,3,2.35,4.18,2.41,10.65,16,11.94,,1,0,1,1,0,0
635,Wehen Wiesbaden vs Waldhof Mannheim,2.88,2.41,3.06,3.12,5,0,2,5,2022-05-06,2.47,2.76,3.35,2.41,11.47,12,10.99,,1,0,0,0,0,0
636,Wisła Kraków vs Jagiellonia Białystok,3.40,2.40,2.93,3.07,4,2,2,1,2022-05-06,2.53,2.87,2.8,3.2,11.80,9,11.40,,1,0,1,0,0,0
637,Antwerp vs Anderlecht,3.28,2.44,3.00,2.67,2,3,2,1,2022-05-06,2.72,2.11,2.44,2.5,11.39,8,9.77,,1,0,1,0,0,0
638,Varnsdorf vs Táborsko,2.23,2.92,3.77,2.00,3,1,4,1,2022-05-06,2.46,2.38,2.54,3.08,10.92,9,10.46,,1,0,1,0,0,0
639,Würzburger Kickers vs Hallescher FC,2.12,2.35,3.65,3.24,2,4,1,2,2022-05-06,2.47,3,3,2.59,11.36,9,11.06,,1,0,1,0,0,0
640,Viktoria Köln vs Kaiserslautern,2.71,2.53,3.29,2.35,2,0,1,3,2022-05-06,2.12,2.29,2,2.82,10.88,6,9.23,,1,0,0,0,0,0
641,Mura vs Domzale,2.44,2.56,3.75,2.25,2,2,1,2,2022-05-06,2.06,2.25,2.56,3.31,11.00,7,10.18,,1,0,1,0,0,0
642,Jagiellonia Białystok vs Legia Warsaw,2.50,3.31,2.38,3.19,2,2,5,2,2022-05-12,2.69,2.63,2.75,2.13,11.38,11,10.20,,1,0,1,1,0,0
643,Sporting Charleroi vs Mechelen,2.74,2.00,3.00,2.68,2,3,2,0,2022-05-12,2.63,3.37,2.26,3.42,10.42,7,11.68,,1,0,0,0,0,0
644,Příbram vs Prostějov,2.00,2.21,2.71,2.50,5,3,1,3,2022-05-12,3.14,4,2.79,3.21,9.42,12,13.14,,1,0,1,0,0,0
645,Vlašim vs Opava,2.71,2.50,3.14,3.36,0,6,4,1,2022-05-12,2.29,3.14,2.93,2.07,11.71,11,10.43,,1,1,0,0,0,0
646,Viktoria Žižkov vs Líšeň,2.21,2.43,2.79,2.50,4,7,0,6,2022-05-12,3.14,2.71,2.14,3.57,9.93,17,11.56,,1,0,0,0,0,0
647,Chelsea vs Liverpool,2.16,3.78,3.26,3.06,0,2,1,2,2022-05-12,2.21,1.28,2.05,1.83,12.26,5,7.37,,1,0,0,0,0,0
648,Freiburg II vs Saarbrücken,2.47,2.82,2.06,2.12,1,2,3,6,2022-05-12,2.76,2.59,3.35,2.71,9.47,12,11.41,,1,0,1,0,0,0
649,1860 München vs Borussia Dortmund II,3.06,2.24,3.41,3.18,4,0,4,4,2022-05-12,2.59,2.06,2.71,2.76,11.89,12,10.12,,1,0,0,0,0,0
650,Viktoria Berlin vs Meppen,2.53,2.41,2.12,3.71,0,1,4,0,2022-05-12,3.18,3.53,3.76,2.76,10.77,5,13.23,,1,0,0,0,0,0
651,Zwickau vs Würzburger Kickers,3.35,3.12,2.88,1.71,3,3,3,1,2022-05-12,2.76,2.94,2.59,3.71,11.06,10,12.00,,0,0,1,0,0,0
652,Rapid Vienna vs Salzburg,2.73,3.00,3.13,3.47,1,2,3,8,2022-05-12,2.4,1.2,2.4,1.8,12.33,14,7.80,,1,1,1,0,0,0
653,Sturm Graz vs Wolfsberger AC,2.87,2.53,3.53,2.27,0,4,2,2,2022-05-12,2.2,3.2,2.2,2.87,11.20,8,10.47,,1,0,0,0,0,0
654,Antwerp vs Club Brugge,3.21,3.37,2.95,2.05,1,4,3,2,2022-05-12,2.74,2.63,2.37,3,11.58,10,10.74,,1,0,1,0,0,0
655,Genk vs Gent,3.53,2.95,2.68,2.21,1,4,2,1,2022-05-12,1.58,2.53,2.47,2.68,11.37,8,9.26,,1,0,1,0,0,0
656,Stal Mielec vs Slask Wroclaw,2.63,2.13,2.56,2.25,2,3,6,1,2022-05-12,2.25,3,4.19,3.44,9.57,12,12.88,,1,0,1,0,0,0
657,Górnik Zabrze vs Górnik Łęczna,2.19,2.50,2.75,2.56,2,2,2,1,2022-05-12,2.5,3.25,2.75,3.56,10.00,7,12.06,,1,0,1,0,0,0
658,Melbourne Victory vs Western United,2.54,3.23,2.77,3.23,2,1,2,0,2022-05-20,1.77,2.08,3.69,4.31,11.77,5,11.85,,1,1,0,0,0,0
659,Mechelen vs Genk,2.74,2.21,3.63,3.00,2,5,1,2,2022-05-20,2.79,2.47,2.53,2.58,11.58,10,10.37,,1,0,1,0,0,0
660,Sunderland vs Wycombe Wanderers,2.83,2.52,3.43,2.39,2,0,2,1,2022-05-20,2,1.78,1.78,2.96,11.17,5,8.52,,1,0,0,0,0,0
661,Shonan Bellmare vs Vissel Kobe,2.50,2.86,2.50,4.57,2,1,2,2,2022-05-20,1,3.71,0.83,2.57,12.43,7,8.11,,1,1,1,0,0,0
662,Avispa Fukuoka vs Yokohama F. Marinos,1.86,2.83,3.14,2.33,1,5,1,2,2022-05-20,2,1.83,1.57,2.33,10.16,9,7.73,,0,0,1,0,0,0
663,Rakow Czestochowa vs Lechia Gdańsk,2.56,3.38,3.31,3.25,4,0,2,1,2022-05-20,1.94,3.38,1.94,2.88,12.50,7,10.14,,1,1,0,0,0,0
664,Slovan Bratislava vs Zilina,2.87,2.47,3.33,3.33,1,0,5,3,2022-05-20,1.33,2.73,2.33,2.6,12.00,9,8.99,,1,0,0,0,0,0
665,Spartak Trnava vs DAC 1904,2.87,2.27,3.33,2.73,4,1,2,1,2022-05-20,1.13,2,2,2.2,11.20,8,7.33,,1,0,1,0,0,0
666,Club Brugge vs Anderlecht,3.58,2.47,3.68,2.58,3,1,2,1,2022-05-20,1.58,2.11,2,2.47,12.31,7,8.16,,1,0,1,0,0,0
667,Monza vs Brescia,3.26,3.00,2.68,3.16,4,3,1,3,2022-05-20,1.79,2.58,2.53,2.47,12.10,11,9.37,,1,1,1,0,0,0
668,Rangers vs Hearts,2.68,2.21,3.74,3.16,2,1,8,1,2022-05-20,2.58,2.32,2.11,2.68,11.79,12,9.69,,1,0,1,0,0,0
669,DAC 1904 vs Trenčín,2.63,2.75,3.25,3.63,4,1,2,4,2022-05-27,1.81,1.81,3.19,2.31,12.26,11,9.12,,1,1,1,0,0,0
670,Melbourne City vs Western United,3.15,3.23,3.92,3.23,2,1,7,0,2022-05-27,1.31,2.08,2,4.31,13.53,10,9.70,,1,1,0,0,0,0
671,Liverpool vs Real Madrid,3.84,1.95,3.11,3.00,1,1,5,1,2022-05-27,1.21,2.37,1.79,1.89,11.90,8,7.26,,0,0,1,0,0,0
672,Sanfrecce Hiroshima vs Nagoya Grampus,3.38,3.29,2.25,3.29,3,1,2,3,2022-05-27,3.38,2,2.5,2.86,12.21,9,10.74,,1,0,1,0,0,0
673,Pisa vs Monza,2.68,2.58,2.21,3.00,4,2,1,1,2022-05-27,2.68,2.21,3.32,2.26,10.47,8,10.47,,1,0,1,0,0,0
674,FH vs Leiknir Reykjavík,3.50,1.25,4.25,2.75,6,2,5,5,2022-06-16,3,3,3,2.5,11.75,18,11.50,,0,0,1,1,0,0
675,Keflavík vs Stjarnan,3.25,2.50,3.50,1.75,2,0,2,6,2022-06-16,2.5,1.75,3,3,11.00,10,10.25,,0,0,0,0,0,0
676,Valur vs Breidablik,3.50,3.25,3.75,1.00,3,3,3,1,2022-06-16,2.25,4,2.75,2.75,11.50,10,11.75,,0,0,1,0,0,0
677,Shonan Bellmare vs Tokyo,2.38,3.13,3.13,3.38,1,2,1,1,2022-06-16,1,1.88,0.88,3.63,12.02,5,7.39,,1,0,1,0,0,0
678,Urawa Reds vs Nagoya Grampus,2.13,3.00,2.38,3.25,7,4,3,3,2022-06-16,1.63,2.13,3.5,2.75,10.76,17,10.01,,1,0,1,1,0,0
679,Sanfrecce Hiroshima vs Cerezo Osaka,3.33,1.50,2.22,2.00,4,0,3,1,2022-06-16,3.11,2,2.56,3.75,9.05,8,11.42,,0,0,0,0,0,0
680,Sarpsborg 08 vs Strømsgodset,3.20,2.00,4.20,3.00,8,2,1,1,2022-06-16,3.2,2.6,3.2,4.8,12.40,12,13.80,,1,0,1,0,0,0
681,Kristiansund vs Bodø / Glimt,2.67,2.75,6.67,2.50,2,3,2,6,2022-06-16,2,2.25,2.67,3.75,14.59,13,10.67,,1,1,1,1,0,0
682,LA Galaxy vs Portland Timbers,3.57,2.13,4.00,2.50,3,3,7,3,2022-06-16,1.14,2.75,2,3.75,12.20,16,9.64,,1,0,1,1,0,0
683,Jerv vs HamKam,3.40,1.50,3.20,3.50,1,4,9,0,2022-06-16,2.2,3,3.6,4,11.60,14,12.80,,0,0,0,0,0,0
684,Lillestrøm vs Rosenborg,4.20,1.20,3.20,3.40,4,0,2,1,2022-06-16,2.4,4.4,3,3.4,12.00,7,13.20,,0,0,0,0,0,0
685,Odd vs Molde,3.20,2.50,4.20,1.00,2,1,1,2,2022-06-16,1.6,2.5,3,4,10.90,6,11.10,,0,0,1,0,0,0
686,Viking vs Sandefjord,3.67,2.80,4.83,1.40,7,3,8,2,2022-06-16,1.67,5.2,2,6,12.70,20,14.87,,0,0,1,1,0,0
687,Aalesund vs Valerenga,3.25,2.17,2.75,1.33,0,3,2,3,2022-06-16,1.75,3.5,1.25,2.67,9.50,8,9.17,,0,0,0,0,0,0
688,New York RB vs Toronto,2.86,1.86,3.43,1.57,1,2,4,2,2022-06-16,1.43,2.86,0.71,2.29,9.72,9,7.29,,0,0,1,0,0,0
689,Chicago Fire vs D.C. United,2.50,0.80,3.33,1.80,2,0,1,2,2022-06-16,1.17,2.6,1.67,3.2,8.43,5,8.64,,0,0,0,0,0,0
690,Dallas vs Vancouver Whitecaps,2.86,2.00,3.29,2.75,1,0,4,2,2022-06-16,2.43,3.25,2.14,2.25,10.90,7,10.07,,1,0,0,0,0,0
691,Real Salt Lake vs SJ Earthquakes,2.83,1.71,2.83,2.57,5,0,5,3,2022-06-16,1.67,2.14,2.5,2.57,9.94,13,8.88,,0,0,0,0,0,0
692,Atlanta United vs Inter Miami,3.71,1.50,3.57,1.17,0,2,1,1,2022-06-16,2.43,3.17,2.71,3.33,9.95,4,11.64,,0,0,0,0,0,0
693,New England vs Minnesota United,4.25,2.83,2.63,2.17,1,2,2,2,2022-06-16,1.88,2.67,2.5,3.5,11.88,7,10.55,,1,0,1,0,0,0
694,New York City vs Colorado Rapids,3.50,2.67,2.75,2.33,0,0,5,1,2022-06-16,2.63,1.83,2.88,2.17,11.25,6,9.51,,1,0,0,0,0,0
695,Breidablik vs KA,3.50,2.00,4.00,1.25,2,4,1,4,2022-06-20,2.25,1.25,3,3,10.75,11,9.50,,0,0,1,0,0,0
696,Stjarnan vs KR,3.75,2.75,4.00,1.75,1,3,1,5,2022-06-20,1.5,2.5,2.25,2.5,12.25,10,8.75,,0,0,1,0,0,0
697,Valur vs Leiknir Reykjavík,3.40,1.40,3.60,3.20,1,2,7,1,2022-06-20,2.4,3.6,2.4,3,11.60,11,11.40,,0,0,1,0,0,0
698,Breidablik vs KR,3.50,2.75,4.00,1.75,1,6,4,2,2022-06-20,2.25,2.5,3,2.5,12.00,13,10.25,,0,0,1,0,0,0
699,Yokohama F. Marinos vs Kashiwa Reysol,2.63,1.88,2.63,1.63,3,1,2,5,2022-06-24,2.25,3.13,3.25,3.13,8.77,11,11.76,,0,0,1,0,0,0
700,Kawasaki Frontale vs Júbilo Iwata,2.13,0.25,2.75,2.25,3,0,2,2,2022-06-24,2.5,2.63,4,2.5,7.38,7,11.63,,0,0,0,0,0,0
701,Haugesund vs Viking,3.40,2.80,3.80,4.00,2,1,4,0,2022-06-24,2.8,2.2,3.6,2,14.00,7,10.60,,1,1,0,0,0,0
702,Rosenborg vs Kristiansund,4.50,1.50,2.75,4.75,3,1,2,3,2022-06-24,1,4,1.25,2.75,13.50,9,9.00,,0,0,1,0,0,0
703,Seattle Sounders vs Sporting KC,2.57,1.67,3.57,1.44,0,3,2,4,2022-06-24,2.57,1.78,1.86,2,9.25,9,8.21,,0,0,0,0,0,0
704,D.C. United vs Nashville SC,2.50,1.70,3.00,1.60,3,0,3,1,2022-06-24,2.25,3.3,2.13,3.5,8.80,7,11.18,,0,0,0,0,0,0
705,Nagoya Grampus vs Kashima Antlers,3.25,2.14,2.63,3.00,2,0,3,2,2022-06-24,2.88,2,3.13,3.86,11.02,7,11.87,,1,0,0,0,0,0
706,Cerezo Osaka vs Shimizu S-Pulse,2.63,1.88,3.63,2.38,5,1,4,1,2022-06-24,1.63,2.5,1.75,2.38,10.52,11,8.26,,0,0,1,0,0,0
707,Strømsgodset vs Lillestrøm,4.40,3.00,3.20,1.40,5,4,2,4,2022-06-24,2.6,1.8,3.6,4.6,12.00,15,12.60,,0,0,1,1,0,0
708,Bodø / Glimt vs Aalesund,3.20,2.50,5.20,2.00,2,2,0,1,2022-06-24,2.4,3.5,0.6,4.67,12.90,5,11.17,,1,0,0,0,0,0
709,Valerenga vs Odd,4.00,3.00,5.00,2.60,2,3,8,1,2022-06-24,2.75,3.2,2,1.8,14.60,14,9.75,,1,1,1,0,0,0
710,Real Salt Lake vs Columbus Crew,3.14,3.14,3.14,2.29,3,1,5,4,2022-06-24,1.43,2,2.57,3.14,11.71,13,9.14,,1,0,1,0,0,0
711,Los Angeles vs New York RB,4.88,2.50,4.38,3.00,2,4,1,6,2022-06-24,1.5,2.5,1.5,2.88,14.76,13,8.38,,1,1,1,0,0,0
712,Bodø / Glimt vs Dinamo Zagreb,3.33,2.00,4.44,3.00,5,1,5,1,2022-08-16,2.11,1.5,0.89,2.5,12.77,12,7.00,,1,0,1,0,0,0
713,FC Copenhagen vs Trabzonspor,4.33,8.00,5.33,2.00,0,1,2,1,2022-08-16,1,1,1.33,0,19.66,4,3.33,,1,0,0,0,0,0
714,Rangers vs PSV,6.50,2.00,2.00,4.00,3,3,1,2,2022-08-16,0,3,2,3,14.50,9,8.00,,1,0,1,0,0,0
715,Arsenal vs Aston Villa,3.00,2.50,4.50,1.00,7,0,3,3,2022-08-31,0.5,2.5,1.5,2,11.00,13,6.50,,0,0,0,0,0,0
716,Viktoria Plzen vs Slovacko,4.00,2.33,3.00,6.00,2,5,2,2,2022-08-31,5,4.33,2,1.33,15.33,11,12.66,,1,0,1,1,0,0
717,Liverpool vs Newcastle United,3.00,2.50,3.00,5.50,8,0,5,0,2022-08-31,0.5,2,1,3.5,14.00,13,7.00,,1,1,0,0,0,0
718,Napoli vs Lecce,6.00,3.00,4.00,1.00,2,3,4,1,2022-08-31,1,4,3,1,14.00,10,9.00,,0,0,1,0,0,0
719,Montpellier vs Ajaccio,3.50,2.00,1.50,3.50,0,2,3,3,2022-08-31,1,2.5,3,1.5,10.50,8,8.00,,0,0,0,0,0,0
720,Tottenham Hotspur vs Fulham,4.50,1.00,4.50,1.50,6,1,4,2,2022-09-02,1.5,4,2.5,3,11.50,13,11.00,,0,0,1,0,0,0
721,Dinamo Zagreb vs Rijeka,1.50,1.67,3.00,2.33,6,1,1,4,2022-09-02,1,1.33,1.5,1.33,8.50,12,5.16,,0,0,1,0,0,0
722,Lyon vs Angers,2.00,3.50,2.00,0.50,7,1,6,2,2022-09-02,1,3,3,3,8.00,16,10.00,,0,0,1,0,0,0
723,Häcken vs Degerfors,3.60,2.30,3.20,3.20,3,2,7,1,2022-09-04,2.8,1.6,3,1.8,12.30,13,9.20,,1,0,1,0,0,0
724,Strømsgodset vs Aalesund,4.30,2.30,3.10,1.80,5,3,4,2,2022-09-04,2.5,3.3,3.1,3.7,11.50,14,12.60,,0,0,1,1,0,0
725,Flamengo vs Cear,2.64,2.42,4.45,3.08,6,4,6,3,2022-09-04,1.64,2.5,2.64,3.38,12.59,19,10.16,,1,0,1,1,0,0
726,Yokohama F. Marinos vs Shonan Bellmare,2.55,3.00,2.45,2.00,8,1,1,2,2022-09-07,2.36,2.09,3.36,2.73,10.00,12,10.54,,1,0,1,0,0,0
727,Ulsan vs Suwon Bluewings,3.21,1.40,2.57,2.27,2,0,1,4,2022-09-07,1.21,2.33,1.21,2.73,9.45,7,7.48,,0,0,0,0,0,0
728,Napoli vs Spezia,4.00,2.00,4.00,1.50,4,4,6,1,2022-09-09,2,4.5,2,4,11.50,15,12.50,,0,0,1,0,0,0
729,Lens vs Troyes,2.00,2.33,3.67,3.33,2,0,7,1,2022-09-09,0.67,2.33,3,2.67,11.33,10,8.67,,1,0,0,0,0,0
730,Peterborough United vs Fleetwood Town,2.00,2.67,5.33,3.33,4,1,3,0,2022-09-13,1.67,3,3,3,13.33,8,10.67,,1,0,0,0,0,0
731,Ipswich Town vs Bristol Rovers,3.33,2.00,4.00,3.67,5,1,6,4,2022-09-13,2.33,2.67,1.33,4.33,13.00,16,10.66,,1,0,1,0,0,0
732,Antwerp vs RFC Seraing,1.75,1.75,2.75,0.75,2,1,3,2,2022-09-16,3.75,2.25,1.75,4,7.00,8,11.75,,0,0,1,0,0,0
733,LASK vs WSG Tirol,4.00,3.00,1.75,2.25,4,1,0,4,2022-09-16,0.75,3,3.25,1.5,11.00,9,8.50,,0,0,0,0,0,0
734,Tottenham Hotspur vs Leicester City,5.00,1.67,4.33,3.00,4,0,2,1,2022-09-16,1.33,2.67,2.33,3.67,14.00,7,10.00,,0,0,0,0,0,0
735,Panathinaikos vs PAS Giannina,2.33,0.50,2.67,2.00,4,0,3,3,2022-09-16,1,2,1.67,3.5,7.50,10,8.17,,0,0,0,0,0,0
736,Grêmio vs Sport Recife,2.67,1.53,2.87,2.73,2,2,2,3,2022-09-20,0.93,3.2,2.2,2.33,9.80,9,8.66,,0,0,1,1,0,0
737,Bradford City vs AFC Wimbledon,1.40,2.00,3.20,0.80,7,2,1,4,2022-09-23,3.4,3,4,5.4,7.40,14,15.80,,0,0,1,0,0,0
738,Stevenage vs Harrogate Town,3.00,1.40,3.25,1.40,3,3,5,0,2022-09-23,1,4,1.5,4.2,9.05,11,10.70,,0,0,0,0,0,0
739,Eibar vs Racing Santander,4.67,2.33,3.00,2.33,1,1,1,2,2022-09-25,0.67,2,2,1.67,12.33,5,6.34,,1,0,1,0,0,0
740,Fluminense vs Juventude,3.29,1.38,3.86,2.77,3,1,2,4,2022-09-26,2.5,3.77,2.29,4.23,11.30,10,12.79,,0,0,1,0,0,0
741,Palmeiras vs Coritiba,4.07,3.23,5.21,2.62,5,0,4,6,2022-10-06,1.79,2.54,2.14,2.46,15.13,15,8.93,,1,1,0,0,0,0
742,Ajax II vs Helmond Sport,2.00,0.25,2.50,4.00,1,2,3,1,2022-10-07,2.75,3,1.5,1.75,8.75,7,9.00,,0,0,1,0,0,0
743,Lyon vs Toulouse,3.20,2.75,3.40,3.25,3,2,1,3,2022-10-07,1.6,1.25,2.6,3.5,12.60,9,8.95,,1,1,1,0,0,0
744,Wuhan Three Towns vs Dalian Pro,3.63,3.14,2.88,3.00,2,2,0,0,2022-10-25,2,2.14,2.13,2.14,12.65,4,8.41,,1,1,0,0,0,0
745,Brighton vs Crystal Palace <4,4.50,2.17,3.33,2.25,0,4,1,0,2023-03-15,1.58,3,1.25,2,12.25,5,7.83,,1,0,0,0,0,0
746,Luton vs Bristol City,3.56,2.35,3.72,2.18,3,0,4,2,2023-03-15,2.11,2.65,2.67,3.29,11.81,9,10.72,,1,0,0,0,0,0
747,Blackburn vs Reading,2.29,1.89,2.71,2.83,2,2,4,2,2023-03-15,2.29,2.72,2.65,2.5,9.72,10,10.16,,0,0,1,1,0,0
748,Angers vs Paris Saint Germain - AW,2.13,2.47,2.00,2.93,1,6,4,2,2023-04-21,1.75,1.8,2.94,2.07,9.53,13,8.56,,1,0,1,0,0,0
749,Arsenal vs Southampton,3.33,1.33,3.67,2.07,4,1,3,1,2023-04-21,1.13,3,1.87,3.4,10.40,9,9.40,,0,0,1,0,0,0
750,Casa Pia vs SC Braga - AW,2.43,2.64,2.36,3.21,1,4,1,2,2023-04-21,1.71,1.86,3.21,3.14,10.64,8,9.92,,1,0,1,0,0,0
751,Burnley vs QPR,3.10,2.38,3.86,2.33,9,1,2,3,2023-04-22,1.57,1.9,1.71,3.71,11.67,15,8.89,,1,0,1,0,0,0
752,Everton vs Newcastle - AW,2.50,2.44,2.56,3.31,1,5,2,9,2023-04-27,2.5,2.5,3,3.19,10.81,17,11.19,,1,0,1,0,0,0
753,VfL BOCHUM vs Borussia Dortmund - AW,1.86,3.67,3.29,3.00,2,3,2,8,2023-04-28,2.29,2.33,2.71,3.2,11.82,15,10.53,,0,0,1,1,0,0
754,Brighton vs Manchester United,4.07,1.75,3.33,2.25,3,5,5,1,2023-05-04,1.6,1.88,1.27,3.94,11.40,14,8.69,,0,0,1,0,0,0
755,Bayer Leverkusen vs FC Koln,2.33,3.13,2.27,2.00,5,0,4,2,2023-05-05,1.33,2.27,2.6,2.8,9.73,11,9.00,,1,0,0,0,0,0
756,FSV Mainz 05 vs FC Schalke 04,2.33,1.64,1.87,2.79,3,3,4,3,2023-05-05,1.53,3.93,2.47,2.93,8.63,13,10.86,,0,0,1,1,0,0
757,Newcastle vs Arsenal,4.25,2.29,3.75,2.41,4,2,5,2,2023-05-07,1,1.59,2.19,2.71,12.70,13,7.49,,1,0,1,1,0,0
758,FC Seoul vs Gwangju FC,2.00,2.00,2.80,2.40,4,0,2,1,2023-05-09,2.8,1.4,3.2,3,9.20,7,10.40,,1,0,0,0,0,0
759,PEC Zwolle vs Roda,2.50,1.67,3.39,2.72,1,1,4,2,2023-05-12,1.44,1.61,2.22,2.83,10.28,8,8.10,,0,0,1,0,0,0
760,Lens vs Reims,2.47,1.82,3.06,1.94,0,2,0,12,2023-05-12,1.35,2.35,2.53,2.76,9.29,14,8.99,,0,0,0,0,0,0
761,FC Saarbrucken vs Hallescher FC,3.12,2.29,3.18,2.53,5,2,4,1,2023-05-13,2.29,1.94,3.06,2.94,11.12,12,10.23,,1,0,1,0,0,0
762,Istanbul Basaksehir vs Ümraniyespor,2.33,2.27,2.20,2.40,1,2,2,2,2023-05-17,2.07,3.53,1.8,3.33,9.20,7,10.73,,1,0,1,0,0,0
763,Sport Recife vs Avai,4.25,2.50,3.25,1.33,4,2,1,1,2023-06-07,2.25,2.83,2,2.67,11.33,8,9.75,,0,0,1,0,0,0
764,kalmar FF vs Degerfors IF,2.60,1.60,3.40,3.00,2,1,3,5,2023-06-10,2.2,5.4,2,2.6,10.60,11,12.20,,0,0,1,0,0,0
765,Yokohama F. Marinos vs Kashiwa Reysol,2.71,2.14,3.29,2.71,4,2,1,2,2023-06-10,2.29,2.71,2.86,2.57,10.85,9,10.43,,1,0,1,0,0,0
766,Manchester City vs Inter Milan,2.47,2.79,2.84,3.21,0,1,2,3,2023-06-10,1.63,1.37,1.32,2.42,11.31,6,6.74,,1,0,0,0,0,0
767,BK Hacken vs IF Brommapojkarna,4.43,1.43,3.29,0.86,3,3,2,3,2023-07-14,2,3.86,3.57,3.71,10.01,11,13.14,,0,0,1,1,0,0
768,Yokohama F. Marinos vs Kawasaki Frontale,2.78,1.80,2.67,1.70,3,2,1,4,2023-07-14,2.11,2.1,2.89,2,8.95,10,9.10,,0,0,1,0,0,0
769,Suwon Bluewings vs Ulsan Hyundai FC - AW,1.82,2.18,2.18,2.82,1,2,1,3,2023-07-14,1.82,1.09,2.55,1.73,9.00,7,7.19,,0,0,1,0,0,0
770,Sarpsborg 08 FF vs Ham-Kam,3.17,1.17,3.33,2.67,5,3,5,0,2023-07-16,2.67,5.17,2.67,3.5,10.34,13,14.01,,0,0,0,0,0,0
771,Bodo/Glimt vs Haugesund,3.29,3.14,3.57,1.43,2,1,5,2,2023-07-16,1,3.29,1.43,4.71,11.43,10,10.43,,0,0,1,0,0,0
772,Sao Paulo vs Santos,2.29,2.50,4.14,2.17,2,2,2,1,2023-07-16,3,3.17,2.57,4,11.10,7,12.74,,1,0,1,0,0,0
773,Atletico Paranaense vs Bahia,2.29,1.00,3.71,5.00,1,2,4,1,2023-07-16,1.86,3.14,1.57,2,12.00,8,8.57,,0,0,1,0,0,0
774,Lillestrom vs Aalesund,3.29,2.00,3.86,2.67,4,0,4,2,2023-07-19,2.43,4.83,3.86,4.17,11.82,10,15.29,,1,0,0,0,0,0
775,Sport Recife vs Vitoria,3.44,1.67,2.56,2.11,2,6,5,3,2023-07-19,2.44,2.78,2,3.22,9.78,16,10.44,,0,0,1,1,0,0
776,Ulsan Hyundai FC vs Jeju United FC,2.55,2.25,3.18,3.33,2,2,1,4,2023-07-21,1.18,1.67,2.91,2.33,11.31,9,8.09,,1,0,1,0,0,0
777,Beijing Guoan vs Qingdao Jonoon,3.33,1.75,3.33,2.63,3,1,3,1,2023-07-21,1.89,3.25,1.89,3.5,11.04,8,10.53,,0,0,1,0,0,0
778,IFK Varnamo vs BK Hacken - AW,3.14,2.50,2.71,2.00,3,4,5,3,2023-07-21,1.71,2.25,3.14,2.13,10.35,15,9.23,,1,0,1,1,0,0
779,Gremio vs Atletico-MG,4.00,2.50,2.88,3.00,2,3,1,5,2023-07-21,2.5,2.75,3.25,3.25,12.38,11,11.75,,1,1,1,0,0,0
780,RB Bragantino vs Internacional 2H,4.13,1.88,3.13,2.63,5,1,8,3,2023-07-21,1.88,2.25,3,2.75,11.77,17,9.88,,0,0,1,0,0,0
781,Vitoria vs Chapecoense-sc,2.88,1.57,3.00,2.57,4,1,2,3,2023-07-24,2.13,2.57,1.13,2.86,10.02,10,8.69,,0,0,1,0,0,0
782,Viking vs Aalesund,3.29,1.71,4.00,2.57,5,2,6,3,2023-07-24,2.43,4.71,2,4.14,11.57,16,13.28,,0,0,1,1,0,0
783,Ostersunds FK vs GIF Sundsvall,3.14,2.71,3.14,1.71,5,4,0,2,2023-07-29,2.43,3.86,3.71,3.14,10.70,11,13.14,,0,0,0,0,0,0
784,Fluminense vs Santos,3.63,2.43,2.00,2.00,3,1,3,1,2023-07-29,1.75,3,2.88,3.71,10.06,8,11.34,,1,0,1,0,0,0
785,Sarpsborg 08 FF vs Haugesund,3.43,2.88,3.57,1.50,3,1,5,7,2023-07-30,2.71,3.13,2.29,4.75,11.38,16,12.88,,0,0,1,0,0,0
786,Lillestrom vs Ham-Kam >1,3.38,1.43,3.88,2.29,6,3,2,0,2023-07-30,2.13,5.14,3.63,3.71,10.98,11,14.61,,0,0,0,0,0,0
787,Sao Paulo vs Bahia,2.25,1.13,3.88,4.50,6,2,4,3,2023-07-30,2.88,2.88,2.38,2.25,11.76,15,10.39,,0,0,1,1,0,0
788,Botafogo vs Coritiba,2.25,1.88,2.75,2.63,2,1,5,2,2023-07-30,2.5,3.25,3.13,3.25,9.51,10,12.13,,0,0,1,0,0,0
789,Malmo FF vs IFK Varnamo,5.00,3.50,3.88,3.88,3,2,4,2,2023-07-31,1.75,2.88,1.88,2.63,16.26,11,9.14,,1,1,1,1,0,0
790,Vitoria vs ABC,3.00,0.90,2.89,1.70,0,0,2,3,2023-07-31,2,3.8,1.33,2.6,8.49,5,9.73,,0,0,0,0,0,0
791,Beijing Guoan vs Henan Jianye,3.30,1.56,3.30,1.89,2,1,2,3,2023-08-04,1.8,3.44,1.8,3.44,10.05,8,10.48,,0,0,1,0,0,0
792,Shandong Luneng vs Meizhou Kejia,2.50,1.70,3.13,2.50,1,4,3,2,2023-08-04,1,3.8,1.38,2.5,9.83,10,8.68,,0,0,1,0,0,0
793,Nagoya Grampus vs Albirex Niigata,3.18,1.10,2.64,2.80,0,2,2,3,2023-08-04,1.55,1.8,3,3.4,9.72,7,9.75,,0,0,0,0,0,0
794,Fail vs Vasteras SK FK - AW,2.71,1.75,3.43,3.63,3,0,3,3,2023-08-04,4.29,1.63,3.86,3.38,11.52,9,13.16,,0,0,0,0,0,0
795,IF elfsborg vs Sirius,3.50,1.63,2.88,2.38,4,1,5,0,2023-08-06,1.63,3.13,2,3.38,10.39,10,10.14,,0,0,0,0,0,0
796,Viking vs Bodo/Glimt - AW,3.50,2.00,4.25,3.63,1,2,1,5,2023-08-06,2.38,1.5,2.13,1,13.38,9,7.01,,1,0,1,0,0,0
797,Malmo FF vs Halmstad,4.78,2.13,3.89,1.75,5,1,1,3,2023-08-07,1.78,3.5,1.89,3,12.55,10,10.17,,0,0,1,0,0,0
798,Shandong Luneng vs Chengdu Better City,2.33,2.22,3.11,2.56,2,5,3,1,2023-08-08,1.33,2,1.44,2.22,10.22,11,6.99,,1,0,1,0,0,0
799,Meizhou Kejia vs Qingdao Jonoon,2.70,1.90,1.80,2.20,1,2,5,1,2023-08-10,2.2,3,2.9,3.4,8.60,9,11.50,,0,0,1,0,0,0
800,Sarpsborg 08 FF vs Stromsgodset,3.38,1.44,3.75,2.56,4,3,4,2,2023-08-10,2.5,3.78,2.88,4.22,11.13,13,13.38,,0,0,1,1,0,0
801,BK Hacken vs Varbergs BoIS FC >1,4.00,1.78,2.78,3.11,5,2,4,3,2023-08-10,2.78,4.22,4,2.89,11.67,14,13.89,,0,0,1,1,0,0
802,Botafogo vs Internacional,2.22,1.78,3.00,2.67,4,1,3,2,2023-08-10,2.33,2.56,3,3.33,9.67,10,11.22,,0,0,1,0,0,0
803,Gremio vs Fluminense,3.78,2.88,2.67,2.00,0,2,3,6,2023-08-10,2.56,3.38,3.44,5.88,11.33,11,15.26,,1,0,0,0,0,0
804,RB Bragantino vs Vasco DA Gama,4.22,2.50,3.67,2.88,5,4,2,2,2023-08-14,1.78,2.75,3,3.5,13.27,13,11.03,,1,1,1,1,0,0
805,Palmeiras vs Cruzeiro,4.00,1.75,4.63,3.25,1,3,2,2,2023-08-14,1.75,1.88,2.63,2.88,13.63,8,9.14,,0,0,1,0,0,0
806,SJK vs Kooteepee,1.89,1.67,4.00,1.78,1,1,5,3,2023-08-15,1.89,1.89,2.8,3.44,9.34,10,10.02,,0,0,1,0,0,0
807,Shandong Luneng vs Tianjin Teda,2.45,2.09,3.09,1.82,4,0,4,1,2023-08-18,1.73,2.64,1.36,3.45,9.45,9,9.18,,0,0,0,0,0,0
808,FC Lahti vs vaasa PS - AW,1.63,2.56,2.63,3.00,3,1,4,2,2023-08-18,1.75,3.11,1.25,3.22,9.82,10,9.33,,0,0,1,0,0,0
809,Molde vs Valerenga,4.50,2.25,3.75,2.13,2,1,5,0,2023-08-18,1.63,1.25,1.88,2.5,12.63,8,7.26,,1,0,0,0,0,0
810,Utsikten vs Vasteras SK FK,1.78,1.56,2.11,3.56,3,2,1,0,2023-08-18,2.33,1.78,1.33,3.33,9.01,6,8.77,,0,0,0,0,0,0
811,SHANGHAI SIPG vs Meizhou Kejia >1,3.45,1.91,3.82,2.45,3,2,5,1,2023-08-18,1.27,3.55,2.09,2.55,11.63,11,9.46,,0,0,1,0,0,0
812,BK Hacken vs Sirius,4.10,1.56,2.90,2.11,0,3,8,1,2023-08-19,2.7,3.22,3.9,3.56,10.67,12,13.38,,0,0,0,0,0,0
813,Viking vs Stabaek >1,3.22,1.50,3.89,3.25,3,0,4,0,2023-08-19,2.33,2.63,2.44,3.25,11.86,7,10.65,,0,0,0,0,0,0
814,Los Angeles FC vs Colorado Rapids,3.42,2.18,3.67,1.82,3,1,0,2,2023-08-22,2.42,2.73,2.08,3.64,11.09,6,10.87,,0,0,0,0,0,0
815,Fredrikstad vs hodd,2.40,2.40,3.20,1.20,4,1,2,5,2023-08-25,2,1.7,2.4,4,9.20,12,10.10,,0,0,1,0,0,0
816,Columbus Crew vs Toronto FC,1.92,1.00,2.69,1.67,5,0,5,3,2023-08-25,2.08,2.67,2.15,3.42,7.28,13,10.32,,0,0,0,0,0,0
817,Sagan Tosu vs Gamba Osaka - AW,2.33,1.67,2.83,2.50,1,1,3,5,2023-08-25,1.83,2.5,3.25,3.67,9.33,10,11.25,,0,0,1,0,0,0
818,Sandefjord vs Haugesund,1.75,2.40,4.25,1.90,2,3,6,3,2023-08-25,1.75,3.2,3,4.7,10.30,14,12.65,,0,0,1,1,0,0
819,New England Revolution vs New York Red Bulls,2.42,1.82,1.83,2.55,4,0,4,2,2023-08-30,1.5,1.64,2.75,1.91,8.62,10,7.80,,0,0,0,0,0,0
820,Atlanta United FC vs FC Cincinnati,2.15,1.50,3.23,2.33,0,3,6,3,2023-08-30,1.54,2.17,1.46,1.92,9.21,12,7.09,,0,0,0,0,0,0
821,Utsikten vs Ostersunds FK,1.90,1.50,2.00,2.90,4,1,0,2,2023-09-01,2.3,2.8,1.2,2.8,8.30,7,9.10,,0,0,0,0,0,0
822,Kristiansund BK vs Mjondalen,2.64,1.70,4.55,2.90,1,5,5,3,2023-09-01,1.91,2.6,1.36,3.2,11.79,14,9.07,,0,0,1,0,0,0
823,Botafogo vs Flamengo,2.36,1.73,2.91,2.27,2,6,10,0,2023-09-01,2.27,3.37,3,3,9.27,18,11.64,,0,0,0,0,0,0
824,FC Cincinnati vs Orlando City SC,2.77,1.62,2.15,2.00,0,4,2,1,2023-09-01,1.77,2.15,2.85,3,8.54,7,9.77,,0,0,0,0,0,0
825,Ham-Kam vs Bodo/Glimt - AW,2.80,2.30,2.90,4.00,1,4,6,5,2023-09-01,3.1,1.7,3.5,0.9,12.00,16,9.20,,1,0,1,0,0,0
826,Flamengo vs Atletico Paranaense,2.52,2.00,3.80,2.00,5,1,3,1,2023-09-13,2.2,3.3,2.3,2.1,10.32,10,9.90,,1,0,1,0,0,0
827,Santos vs Cruzeiro,2.45,1.90,2.00,3.10,5,6,3,3,2023-09-13,2.45,2.1,3.18,2.6,9.45,17,10.33,,0,0,1,1,0,0
828,Beijing Guoan vs Hangzhou Greentown,3.17,1.45,3.17,2.73,0,4,6,2,2023-09-15,1.67,1.91,2.25,2.91,10.52,12,8.74,,0,0,0,0,0,0
829,Shandong Luneng vs Qingdao Jonoon,2.58,2.00,3.17,2.17,2,2,2,1,2023-09-15,1.58,2.67,1.33,3.33,9.92,7,8.91,,1,0,1,0,0,0
830,Haugesund vs Viking - AW,2.70,1.89,2.70,1.89,1,4,4,0,2023-09-15,2.3,3,3.9,2.78,9.18,9,11.98,,0,0,0,0,0,0
831,Molde vs ODD Ballklubb,4.22,1.45,4.22,1.45,2,3,1,1,2023-09-15,1.56,3,1.67,3.27,11.34,7,9.50,,0,0,1,0,0,0
832,SHANGHAI SIPG vs Changchun Yatai,3.42,1.58,3.92,2.92,6,0,1,0,2023-09-15,1.33,3.25,2,2.58,11.84,7,9.16,,0,0,0,0,0,0
833,Yokohama F. Marinos vs Sagan Tosu,3.00,2.25,2.86,2.25,3,2,4,7,2023-09-15,1.83,2,2.92,3.08,10.36,16,9.83,,1,0,1,1,0,0
834,Borussia Dortmund vs SC Freiburg,2.70,1.50,2.90,1.70,1,2,4,1,2024-02-09,2.3,3.6,1.6,3.3,8.80,8,10.80,,0,0,1,0,0,0
835,Adelaide United vs Perth Glory >1,3.67,1.88,4.22,2.88,4,1,5,2,2024-02-09,2.33,2.88,1.67,4.33,12.65,12,11.21,,0,0,1,0,0,0
836,Manchester City vs Manchester United,4.15,1.92,3.69,2.54,12,2,3,0,2024-03-03,1.23,3.77,1.54,3.54,12.30,17,10.08,2-2,0,0,0,0,0,0
837,Toulouse vs Nice - AW,2.00,2.73,3.18,2.91,1,4,6,2,2024-03-03,2.73,1.64,2.73,1.55,10.82,13,8.65,1-1,1,0,1,0,0,0
838,Brisbane Roar vs Melbourne Victory - AW,2.30,3.60,3.40,4.40,1,3,2,1,2024-03-03,1.8,1.7,1.7,2.7,13.70,7,7.90,2-2,1,0,1,0,0,0
839,Burnley vs Bournemouth - AW,2.23,2.31,3.54,3.46,4,1,3,1,2024-03-03,2.38,2.92,2.77,2.62,11.54,9,10.69,1-2,1,0,1,0,0,0
840,FC Porto vs Benfica - AW,4.73,2.00,4.36,3.36,5,2,1,0,2024-03-03,1.45,1.73,1.73,1.45,14.45,8,6.36,0-1,1,0,0,0,0,0
841,Napoli vs Juventus,3.10,2.15,4.50,2.46,1,0,1,1,2024-03-03,1.67,2.54,1.33,3.23,12.21,3,8.77,1-1,1,0,0,0,0,0
842,FC Koln vs Bayer Leverkusen - AW,3.55,2.64,4.00,3.00,0,3,1,6,2024-03-03,2.64,2,2.18,1.73,13.19,10,8.55,1-2,1,1,0,0,0,0
843,Muaither SC vs Al Ahli Doha,2.00,2.86,1.29,2.86,3,2,1,1,2024-03-04,2.29,3.43,3,4.43,9.01,7,13.15,2-2,0,0,1,0,0,0
844,Mansfield Town vs Milton Keynes Dons,3.50,2.00,4.44,2.65,3,1,2,2,2024-03-04,2,2.29,2.38,2.47,12.59,8,9.14,3-0,1,0,1,0,0,0
845,Cardiff vs Huddersfield,2.12,2.06,2.35,2.88,1,1,2,2,2024-03-04,1.41,3.35,2.47,3,9.41,6,10.23,2-2,1,0,1,0,0,0
846,QPR vs West Brom - AW,2.41,2.59,2.53,2.82,6,1,4,2,2024-03-09,2.29,2,2.76,2.29,10.35,13,9.34,0-1,1,0,1,0,0,0
847,Millwall vs Birmingham ,2.33,1.61,3.00,2.50,1,0,3,4,2024-03-09,1.83,3.06,2.5,3.72,9.44,8,11.11,2-2,0,0,0,0,0,0
848,QPR vs Middlesbrough ,2.83,2.41,2.89,2.88,6,1,4,2,2024-03-09,2.22,2,2.78,3.24,11.01,13,10.24,2-2,1,0,1,0,0,0
849,Barnsley vs Lincoln ,2.67,1.78,2.61,2.22,4,1,3,1,2024-03-09,2.06,2.17,2.26,2.37,9.28,9,8.86,2-2,0,0,1,0,0,0
850,AZ Alkmaar vs Excelsior,2.92,1.25,3.75,1.83,1,0,2,0,2024-03-10,1.58,2.83,1.33,4.3,9.75,3,10.04,3-1,0,0,0,0,0,0
851,Liverpool vs Manchester City - AW,4.46,4.15,3.69,3.38,0,4,7,0,2024-03-10,1.46,1.85,1.92,2.46,15.68,11,7.69,2-2,1,1,0,0,0,0
852,Al Wakrah vs Al-Duhail SC - AW,2.50,2.50,3.13,4.33,2,0,6,0,2024-03-10,1.5,1.5,2.86,2.33,12.46,8,8.19,3-1,1,1,0,0,0,0
853,FC Kaiserslautern vs VfL Osnabruck,3.00,1.75,2.25,2.08,4,2,7,2,2024-03-10,2.08,3.33,2.92,2.75,9.08,15,11.08,2-2,0,0,1,1,0,0
854,Aston Villa vs Tottenham >1,2.92,2.08,3.00,3.17,2,1,4,3,2024-03-10,1.54,3.58,2.08,4.25,11.17,10,11.45,3-1,1,0,1,0,0,0
855,Strasbourg vs Monaco - AW,1.00,2.67,2.67,2.42,4,4,1,4,2024-03-10,3,2.25,2.33,3.33,8.76,13,10.91,2-2,0,0,1,0,0,0
856,Olympiakos Piraeus vs Panathinaikos,3.31,2.85,2.92,2.15,2,5,6,0,2024-03-10,1.08,0.92,1.08,1.38,11.23,13,4.46,2-2,1,0,0,0,0,0
857,Atletico Tucuman vs Central Cordoba de Santiago,3.00,1.38,3.46,2.23,1,4,1,3,2024-12-18,2.77,2.08,2.85,2.62,10.07,9,10.32,1-1,0,0,1,0,0,0
860,Airdrie United vs Livingston - AW,3.57,2.13,3.14,2.50,3,2,1,2,2024-12-19,1.86,3.25,3.43,1.88,11.34,8,10.42,0-1,1,0,1,0,0,0
